date,year,month,month_no,quarter,week,day,day_name,open_price,high_price,low_price,close_price,price_change,price_range,daily_return_pct,ma_7,ma_30,volume
2024-01-02,2024,January,1,Q1,1,2,Tuesday,77.20999908447266,79.04000091552734,75.5999984741211,75.88999938964844,-1.32,3.44,,,,28591
2024-01-03,2024,January,1,Q1,1,3,Wednesday,75.98999786376953,78.66999816894531,74.79000091552734,78.25,2.26,3.88,3.11,,,32172
2024-01-04,2024,January,1,Q1,1,4,Thursday,78.5,79.4000015258789,76.5,77.58999633789062,-0.91,2.9,-0.84,,,33154
2024-01-05,2024,January,1,Q1,1,5,Friday,77.5999984741211,79.25,77.5,78.76000213623047,1.16,1.75,1.51,,,30994
2024-01-08,2024,January,1,Q1,2,8,Monday,78.5999984741211,78.94999694824219,75.26000213623047,76.12000274658203,-2.48,3.69,-3.35,,,32539
2024-01-09,2024,January,1,Q1,2,9,Tuesday,76.36000061035156,78.18000030517578,75.95999908447266,77.58999633789062,1.23,2.22,1.93,,,27914
2024-01-10,2024,January,1,Q1,2,10,Wednesday,77.45999908447266,78.7300033569336,76.37999725341797,76.80000305175781,-0.66,2.35,-1.02,77.29,,34395
2024-01-11,2024,January,1,Q1,2,11,Thursday,76.73999786376953,79.08999633789062,76.6500015258789,77.41000366210938,0.67,2.44,0.79,77.5,,35565
2024-01-12,2024,January,1,Q1,2,12,Friday,78.45999908447266,80.73999786376953,77.93000030517578,78.29000091552734,-0.17,2.81,1.14,77.51,,31824
2024-01-16,2024,January,1,Q1,3,16,Tuesday,78.08000183105469,79.38999938964844,76.83000183105469,78.29000091552734,0.21,2.56,0.0,77.61,,46742
2024-01-17,2024,January,1,Q1,3,17,Wednesday,77.86000061035156,78.18000030517578,76.5,77.87999725341797,0.02,1.68,-0.52,77.48,,35892
2024-01-18,2024,January,1,Q1,3,18,Thursday,78.05000305175781,79.30000305175781,77.33999633789062,79.0999984741211,1.05,1.96,1.57,77.91,,28190
2024-01-19,2024,January,1,Q1,3,19,Friday,78.9800033569336,79.75,78.33000183105469,78.55999755859375,-0.42,1.42,-0.68,78.05,,23734
2024-01-22,2024,January,1,Q1,4,22,Monday,78.8499984741211,80.55000305175781,77.81999969482422,80.05999755859375,1.21,2.73,1.91,78.51,,27825
2024-01-23,2024,January,1,Q1,4,23,Tuesday,79.91000366210938,80.44000244140625,78.69999694824219,79.55000305175781,-0.36,1.74,-0.64,78.82,,27835
2024-01-24,2024,January,1,Q1,4,24,Wednesday,79.73999786376953,80.73999786376953,79.05000305175781,80.04000091552734,0.3,1.69,0.62,79.07,,22429
2024-01-25,2024,January,1,Q1,4,25,Thursday,80.30999755859375,82.55999755859375,80.06999969482422,82.43000030517578,2.12,2.49,2.99,79.66,,21420
2024-01-26,2024,January,1,Q1,4,26,Friday,82.38999938964844,83.83000183105469,81.31999969482422,83.55000305175781,1.16,2.51,1.36,80.47,,19128
2024-01-29,2024,January,1,Q1,5,29,Monday,84.12999725341797,84.79000091552734,82.04000091552734,82.4000015258789,-1.73,2.75,-1.38,80.94,,12802
2024-01-30,2024,January,1,Q1,5,30,Tuesday,82.56999969482422,83.25,81.33999633789062,82.87000274658203,0.3,1.91,0.57,81.56,,7284
2024-01-31,2024,January,1,Q1,5,31,Wednesday,82.58999633789062,82.80000305175781,81.70999908447266,81.70999908447266,-0.88,1.09,-1.4,81.79,,33486
2024-02-01,2024,February,2,Q1,5,1,Thursday,80.66999816894531,81.55000305175781,78.58000183105469,78.69999694824219,-1.97,2.97,-3.68,81.67,,48919
2024-02-02,2024,February,2,Q1,5,2,Friday,78.91999816894531,79.44000244140625,76.86000061035156,77.33000183105469,-1.59,2.58,-1.74,81.28,,32405
2024-02-05,2024,February,2,Q1,6,5,Monday,77.66000366210938,78.33000183105469,76.62000274658203,77.98999786376953,0.33,1.71,0.85,80.65,,24879
2024-02-06,2024,February,2,Q1,6,6,Tuesday,77.94000244140625,79.06999969482422,77.6500015258789,78.58999633789062,0.65,1.42,0.77,79.94,,24904
2024-02-07,2024,February,2,Q1,6,7,Wednesday,78.69999694824219,79.47000122070312,78.48999786376953,79.20999908447266,0.51,0.98,0.79,79.49,,26342
2024-02-08,2024,February,2,Q1,6,8,Thursday,79.37999725341797,81.88999938964844,79.0199966430664,81.62999725341797,2.25,2.87,3.06,79.31,,32568
2024-02-09,2024,February,2,Q1,6,9,Friday,81.7300033569336,82.45999908447266,81.20999908447266,82.19000244140625,0.46,1.25,0.69,79.38,,26408
2024-02-12,2024,February,2,Q1,7,12,Monday,81.76000213623047,82.20999908447266,80.79000091552734,82.0,0.24,1.42,-0.23,79.85,,22915
2024-02-13,2024,February,2,Q1,7,13,Tuesday,82.05000305175781,83.2300033569336,81.95999908447266,82.7699966430664,0.72,1.27,0.94,80.63,79.45,29306
2024-02-14,2024,February,2,Q1,7,14,Wednesday,82.66000366210938,83.61000061035156,81.38999938964844,81.5999984741211,-1.06,2.22,-1.41,81.14,79.64,28305
2024-02-15,2024,February,2,Q1,7,15,Thursday,81.5199966430664,83.25,80.72000122070312,82.86000061035156,1.34,2.53,1.54,81.75,79.8,31230
2024-02-16,2024,February,2,Q1,7,16,Friday,82.83000183105469,83.66000366210938,81.9000015258789,83.47000122070312,0.64,1.76,0.74,82.36,79.99,34125
2024-02-20,2024,February,2,Q1,8,20,Tuesday,83.30000305175781,83.62999725341797,82.05000305175781,82.33999633789062,-0.96,1.58,-1.35,82.46,80.11,34581
2024-02-21,2024,February,2,Q1,8,21,Wednesday,82.55999755859375,83.16999816894531,81.66999816894531,83.02999877929688,0.47,1.5,0.84,82.58,80.34,23038
2024-02-22,2024,February,2,Q1,8,22,Thursday,83.16000366210938,83.97000122070312,82.33999633789062,83.66999816894531,0.51,1.63,0.77,82.82,80.54,27885
2024-02-23,2024,February,2,Q1,8,23,Friday,83.41999816894531,83.4800033569336,81.44000244140625,81.62000274658203,-1.8,2.04,-2.45,82.66,80.7,19427
2024-02-26,2024,February,2,Q1,9,26,Monday,81.58999633789062,83.05999755859375,81.0199966430664,82.52999877929688,0.94,2.04,1.11,82.79,80.88,15694
2024-02-27,2024,February,2,Q1,9,27,Tuesday,82.55000305175781,83.73999786376953,82.0999984741211,83.6500015258789,1.1,1.64,1.36,82.9,81.05,10882
2024-02-28,2024,February,2,Q1,9,28,Wednesday,83.4000015258789,84.30000305175781,82.62000274658203,83.68000030517578,0.28,1.68,0.04,82.93,81.23,6015
2024-02-29,2024,February,2,Q1,9,29,Thursday,83.6500015258789,83.73999786376953,83.04000091552734,83.62000274658203,-0.03,0.7,-0.07,83.11,81.42,27327
2024-03-01,2024,March,3,Q1,9,1,Friday,81.97000122070312,84.3499984741211,81.80999755859375,83.55000305175781,1.58,2.54,-0.08,83.19,81.57,30885
2024-03-04,2024,March,3,Q1,10,4,Monday,83.58999633789062,84.06999969482422,82.58000183105469,82.80000305175781,-0.79,1.49,-0.9,83.06,81.71,26396
2024-03-05,2024,March,3,Q1,10,5,Tuesday,82.97000122070312,83.13999938964844,81.7300033569336,82.04000091552734,-0.93,1.41,-0.92,83.12,81.78,37442
2024-03-06,2024,March,3,Q1,10,6,Wednesday,82.08000183105469,84.05999755859375,81.88999938964844,82.95999908447266,0.88,2.17,1.12,83.19,81.89,35173
2024-03-07,2024,March,3,Q1,10,7,Thursday,82.83999633789062,83.47000122070312,82.06999969482422,82.95999908447266,0.12,1.4,0.0,83.09,81.99,32447
2024-03-08,2024,March,3,Q1,10,8,Friday,83.33999633789062,83.83999633789062,81.70999908447266,82.08000183105469,-1.26,2.13,-1.06,82.86,81.98,26605
2024-03-11,2024,March,3,Q1,11,11,Monday,81.91000366210938,82.7300033569336,81.08000183105469,82.20999908447266,0.3,1.65,0.16,82.66,81.94,28619
2024-03-12,2024,March,3,Q1,11,12,Tuesday,82.43000030517578,83.01000213623047,81.69000244140625,81.91999816894531,-0.51,1.32,-0.35,82.42,81.92,29951
2024-03-13,2024,March,3,Q1,11,13,Wednesday,82.38999938964844,84.22000122070312,81.97000122070312,84.02999877929688,1.64,2.25,2.58,82.6,81.96,34043
2024-03-14,2024,March,3,Q1,11,14,Thursday,83.9800033569336,85.68000030517578,83.94000244140625,85.41999816894531,1.44,1.74,1.65,83.08,82.08,34250
2024-03-15,2024,March,3,Q1,11,15,Friday,85.12999725341797,85.55000305175781,84.62999725341797,85.33999633789062,0.21,0.92,-0.09,83.42,82.3,23623
2024-03-18,2024,March,3,Q1,12,18,Monday,85.37999725341797,87.18000030517578,85.26000213623047,86.88999938964844,1.51,1.92,1.82,83.98,82.62,33687
2024-03-19,2024,March,3,Q1,12,19,Tuesday,86.8499984741211,87.70999908447266,86.48999786376953,87.37999725341797,0.53,1.22,0.56,84.74,82.93,30045
2024-03-20,2024,March,3,Q1,12,20,Wednesday,87.22000122070312,87.3499984741211,85.58000183105469,85.94999694824219,-1.27,1.77,-1.64,85.28,83.18,35304
2024-03-21,2024,March,3,Q1,12,21,Thursday,86.16000366210938,86.63999938964844,85.05000305175781,85.77999877929688,-0.38,1.59,-0.2,85.83,83.4,23829
2024-03-22,2024,March,3,Q1,12,22,Friday,85.55000305175781,86.1500015258789,85.11000061035156,85.43000030517578,-0.12,1.04,-0.41,86.03,83.53,14778
2024-03-25,2024,March,3,Q1,13,25,Monday,85.5999984741211,87.18000030517578,85.4000015258789,86.75,1.15,1.78,1.55,86.22,83.68,21176
2024-03-26,2024,March,3,Q1,13,26,Tuesday,86.7699966430664,87.05000305175781,85.80999755859375,86.25,-0.52,1.24,-0.58,86.35,83.82,12736
2024-03-27,2024,March,3,Q1,13,27,Wednesday,85.97000122070312,86.36000061035156,85.18000030517578,86.08999633789062,0.12,1.18,-0.19,86.23,83.93,8449
2024-03-28,2024,March,3,Q1,13,28,Thursday,86.52999877929688,87.4800033569336,86.31999969482422,87.4800033569336,0.95,1.16,1.61,86.25,84.13,30759
2024-04-01,2024,April,4,Q2,14,1,Monday,86.93000030517578,87.98999786376953,86.4000015258789,87.41999816894531,0.49,1.59,-0.07,86.46,84.28,29598
2024-04-02,2024,April,4,Q2,14,2,Tuesday,87.80000305175781,89.27999877929688,87.6500015258789,88.91999816894531,1.12,1.63,1.72,86.91,84.46,40754
2024-04-03,2024,April,4,Q2,14,3,Wednesday,89.20999908447266,89.9800033569336,88.68000030517578,89.3499984741211,0.14,1.3,0.48,87.47,84.69,35138
2024-04-04,2024,April,4,Q2,14,4,Thursday,89.5,91.3000030517578,88.7300033569336,90.6500015258789,1.15,2.57,1.45,88.02,84.95,38764
2024-04-05,2024,April,4,Q2,14,5,Friday,91.01000213623048,91.91000366210938,90.56999969482422,91.16999816894533,0.16,1.34,0.57,88.73,85.2,37391
2024-04-08,2024,April,4,Q2,15,8,Monday,90.30999755859376,91.0999984741211,88.80000305175781,90.37999725341795,0.07,2.3,-0.87,89.34,85.49,39142
2024-04-09,2024,April,4,Q2,15,9,Tuesday,90.5500030517578,90.94000244140624,89.2699966430664,89.41999816894531,-1.13,1.67,-1.06,89.62,85.72,33993
2024-04-10,2024,April,4,Q2,15,10,Wednesday,89.51000213623047,90.66000366210938,88.83000183105469,90.4800033569336,0.97,1.83,1.19,90.05,85.95,51136
2024-04-11,2024,April,4,Q2,15,11,Thursday,90.54000091552734,90.91999816894533,89.37000274658203,89.73999786376953,-0.8,1.55,-0.82,90.17,86.15,47337
2024-04-12,2024,April,4,Q2,15,12,Friday,90.29000091552734,92.18000030517578,90.01000213623047,90.4499969482422,0.16,2.17,0.79,90.33,86.38,43560
2024-04-15,2024,April,4,Q2,16,15,Monday,90.37000274658205,91.1500015258789,88.7300033569336,90.0999984741211,-0.27,2.42,-0.39,90.25,86.59,35488
2024-04-16,2024,April,4,Q2,16,16,Tuesday,90.43000030517578,90.83000183105467,89.41000366210938,90.0199966430664,-0.41,1.42,-0.09,90.08,86.84,34348
2024-04-17,2024,April,4,Q2,16,17,Wednesday,90.05000305175781,90.1500015258789,87.13999938964844,87.29000091552734,-2.76,3.01,-3.03,89.64,87.01,45933
2024-04-18,2024,April,4,Q2,16,18,Thursday,87.44000244140625,87.79000091552734,86.0999984741211,87.11000061035156,-0.33,1.69,-0.21,89.31,87.15,38630
2024-04-19,2024,April,4,Q2,16,19,Friday,86.95999908447266,90.77999877929688,86.16000366210938,87.29000091552734,0.33,4.62,0.21,88.86,87.29,45203
2024-04-22,2024,April,4,Q2,17,22,Monday,87.04000091552734,87.25,85.79000091552734,87.0,-0.04,1.46,-0.33,88.47,87.46,32395
2024-04-23,2024,April,4,Q2,17,23,Tuesday,87.2300033569336,88.48999786376953,86.04000091552734,88.41999816894531,1.19,2.45,1.63,88.18,87.66,35381
2024-04-24,2024,April,4,Q2,17,24,Wednesday,88.45999908447266,88.80000305175781,87.6500015258789,88.0199966430664,-0.44,1.15,-0.45,87.88,87.87,26662
2024-04-25,2024,April,4,Q2,17,25,Thursday,88.11000061035156,89.26000213623047,87.29000091552734,89.01000213623047,0.9,1.97,1.12,87.73,88.03,24588
2024-04-26,2024,April,4,Q2,17,26,Friday,89.20999908447266,89.83000183105469,88.80000305175781,89.5,0.29,1.03,0.55,88.05,88.17,15475
2024-04-29,2024,April,4,Q2,18,29,Monday,89.25,89.30000305175781,88.0999984741211,88.4000015258789,-0.85,1.2,-1.23,88.23,88.27,15093
2024-04-30,2024,April,4,Q2,18,30,Tuesday,88.31999969482422,88.70999908447266,87.47000122070312,87.86000061035156,-0.46,1.24,-0.61,88.32,88.3,39816
2024-05-01,2024,May,5,Q2,18,1,Wednesday,85.95999908447266,85.95999908447266,83.29000091552734,83.44000244140625,-2.52,2.67,-5.03,87.81,88.17,48165
2024-05-02,2024,May,5,Q2,18,2,Thursday,83.55999755859375,84.41999816894531,83.02999877929688,83.66999816894531,0.11,1.39,0.28,87.13,88.1,39951
2024-05-03,2024,May,5,Q2,18,3,Friday,83.80000305175781,84.4000015258789,82.80000305175781,82.95999908447266,-0.84,1.6,-0.85,86.41,88.0,31511
2024-05-06,2024,May,5,Q2,19,6,Monday,82.9800033569336,83.81999969482422,82.76000213623047,83.33000183105469,0.35,1.06,0.45,85.59,87.93,23246
2024-05-07,2024,May,5,Q2,19,7,Tuesday,83.58999633789062,83.87000274658203,82.4000015258789,83.16000366210938,-0.43,1.47,-0.2,84.69,87.81,33414
2024-05-08,2024,May,5,Q2,19,8,Wednesday,83.04000091552734,83.81999969482422,81.72000122070312,83.58000183105469,0.54,2.1,0.51,84.0,87.72,35419
2024-05-09,2024,May,5,Q2,19,9,Thursday,83.77999877929688,84.33000183105469,83.45999908447266,83.87999725341797,0.1,0.87,0.36,83.43,87.65,25231
2024-05-10,2024,May,5,Q2,19,10,Friday,84.20999908447266,84.5199966430664,82.70999908447266,82.79000091552734,-1.42,1.81,-1.3,83.34,87.49,25062
2024-05-13,2024,May,5,Q2,20,13,Monday,82.69999694824219,83.83000183105469,82.26000213623047,83.36000061035156,0.66,1.57,0.69,83.29,87.36,29242
2024-05-14,2024,May,5,Q2,20,14,Tuesday,83.5,83.62000274658203,82.0999984741211,82.37999725341797,-1.12,1.52,-1.18,83.21,87.14,33169
2024-05-15,2024,May,5,Q2,20,15,Wednesday,82.7699966430664,83.06999969482422,81.05999755859375,82.75,-0.02,2.01,0.45,83.13,86.92,41744
2024-05-16,2024,May,5,Q2,20,16,Thursday,82.93000030517578,83.77999877929688,82.30999755859375,83.2699966430664,0.34,1.47,0.63,83.14,86.67,27576
2024-05-17,2024,May,5,Q2,20,17,Friday,83.44000244140625,84.04000091552734,83.08999633789062,83.9800033569336,0.54,0.95,0.85,83.2,86.43,23516
2024-05-20,2024,May,5,Q2,21,20,Monday,84.0,84.5,83.12000274658203,83.70999908447266,-0.29,1.38,-0.32,83.18,86.21,22320
2024-05-21,2024,May,5,Q2,21,21,Tuesday,83.69999694824219,83.73999786376953,82.05999755859375,82.87999725341797,-0.82,1.68,-0.99,83.19,85.99,29726
2024-05-22,2024,May,5,Q2,21,22,Wednesday,82.4800033569336,82.63999938964844,81.58000183105469,81.9000015258789,-0.58,1.06,-1.18,82.98,85.71,32042
2024-05-23,2024,May,5,Q2,21,23,Thursday,81.69000244140625,82.97000122070312,80.93000030517578,81.36000061035156,-0.33,2.04,-0.66,82.84,85.43,27035
2024-05-24,2024,May,5,Q2,21,24,Friday,81.54000091552734,82.44999694824219,80.66000366210938,82.12000274658203,0.58,1.79,0.93,82.75,85.15,17991
2024-05-28,2024,May,5,Q2,22,28,Tuesday,82.1500015258789,84.62999725341797,82.06999969482422,84.22000122070312,2.07,2.56,2.56,82.88,84.96,23477
2024-05-29,2024,May,5,Q2,22,29,Wednesday,84.62000274658203,85.01000213623047,83.30000305175781,83.5999984741211,-1.02,1.71,-0.74,82.83,84.74,15987
2024-05-30,2024,May,5,Q2,22,30,Thursday,83.5,83.76000213623047,81.81999969482422,81.86000061035156,-1.64,1.94,-2.08,82.56,84.56,9220
2024-05-31,2024,May,5,Q2,22,31,Friday,81.77999877929688,82.12000274658203,81.18000030517578,81.62000274658203,-0.16,0.94,-0.29,82.38,84.38,33414
2024-06-03,2024,June,6,Q2,23,3,Monday,81.19000244140625,81.62999725341797,78.08999633789062,78.36000061035156,-2.83,3.54,-3.99,81.88,84.08,42771
2024-06-04,2024,June,6,Q2,23,4,Tuesday,78.16000366210938,78.20999908447266,76.75,77.5199966430664,-0.64,1.46,-1.07,81.33,83.76,41209
2024-06-05,2024,June,6,Q2,23,5,Wednesday,77.16999816894531,78.5999984741211,77.13999938964844,78.41000366210938,1.24,1.46,1.15,80.8,83.43,37039
2024-06-06,2024,June,6,Q2,23,6,Thursday,78.58000183105469,80.06999969482422,78.37000274658203,79.87000274658203,1.29,1.7,1.86,80.18,83.16,36186
2024-06-07,2024,June,6,Q2,23,7,Friday,80.0199966430664,80.37999725341797,79.33000183105469,79.62000274658203,-0.4,1.05,-0.31,79.61,82.85,26371
2024-06-10,2024,June,6,Q2,24,10,Monday,79.41000366210938,82.16000366210938,79.3499984741211,81.62999725341797,2.22,2.81,2.52,79.58,82.58,36413
2024-06-11,2024,June,6,Q2,24,11,Tuesday,81.97000122070312,82.36000061035156,81.19999694824219,81.91999816894531,-0.05,1.16,0.36,79.62,82.37,35178
2024-06-12,2024,June,6,Q2,24,12,Wednesday,82.12000274658203,83.33999633789062,81.97000122070312,82.5999984741211,0.48,1.37,0.83,80.22,82.19,40802
2024-06-13,2024,June,6,Q2,24,13,Thursday,82.54000091552734,83.04000091552734,81.80000305175781,82.75,0.21,1.24,0.18,80.97,82.17,39191
2024-06-14,2024,June,6,Q2,24,14,Friday,82.13999938964844,83.38999938964844,81.91999816894531,82.62000274658203,0.48,1.47,-0.16,81.57,82.13,39346
2024-06-17,2024,June,6,Q2,25,17,Monday,82.62000274658203,84.55000305175781,82.11000061035156,84.25,1.63,2.44,1.97,82.2,82.18,32978
2024-06-18,2024,June,6,Q2,25,18,Tuesday,84.4000015258789,85.4800033569336,83.66000366210938,85.33000183105469,0.93,1.82,1.28,83.01,82.24,45690
2024-06-20,2024,June,6,Q2,25,20,Thursday,85.37999725341797,85.97000122070312,84.88999938964844,85.70999908447266,0.33,1.08,0.45,83.6,82.33,52543
2024-06-21,2024,June,6,Q2,25,21,Friday,85.68000030517578,86.2300033569336,84.83999633789062,85.23999786376953,-0.44,1.39,-0.55,84.07,82.38,25055
2024-06-24,2024,June,6,Q2,26,24,Monday,85.08999633789062,86.16999816894531,84.7300033569336,86.01000213623047,0.92,1.44,0.9,84.56,82.45,28043
2024-06-25,2024,June,6,Q2,26,25,Tuesday,86.1500015258789,86.31999969482422,84.76000213623047,85.01000213623047,-1.14,1.56,-1.16,84.88,82.53,26591
2024-06-26,2024,June,6,Q2,26,26,Wednesday,84.88999938964844,85.81999969482422,84.4800033569336,85.25,0.36,1.34,0.28,85.26,82.59,18107
2024-06-27,2024,June,6,Q2,26,27,Thursday,85.25,86.51000213623047,84.88999938964844,86.38999938964844,1.14,1.62,1.34,85.56,82.73,11216
2024-06-28,2024,June,6,Q2,26,28,Friday,86.54000091552734,87.2300033569336,86.29000091552734,86.41000366210938,-0.13,0.94,0.02,85.72,82.85,38920
2024-07-01,2024,July,7,Q3,27,1,Monday,84.9000015258789,86.87999725341797,84.87999725341797,86.5999984741211,1.7,2.0,0.22,85.84,82.96,55468
2024-07-02,2024,July,7,Q3,27,2,Tuesday,86.69000244140625,87.44999694824219,86.16999816894531,86.23999786376953,-0.45,1.28,-0.42,85.99,83.03,52311
2024-07-03,2024,July,7,Q3,27,3,Wednesday,86.5,87.37999725341797,85.88999938964844,87.33999633789062,0.84,1.49,1.28,86.18,83.15,39021
2024-07-05,2024,July,7,Q3,27,5,Friday,87.02999877929688,87.94999694824219,86.48999786376953,86.54000091552734,-0.49,1.46,-0.92,86.4,83.28,51456
2024-07-08,2024,July,7,Q3,28,8,Monday,86.75,86.91000366210938,85.55000305175781,85.75,-1.0,1.36,-0.91,86.47,83.41,36568
2024-07-09,2024,July,7,Q3,28,9,Tuesday,85.68000030517578,85.8499984741211,84.54000091552734,84.66000366210938,-1.02,1.31,-1.27,86.22,83.52,44667
2024-07-10,2024,July,7,Q3,28,10,Wednesday,85.01000213623047,85.6500015258789,84.0,85.08000183105469,0.07,1.65,0.5,86.03,83.61,51274
2024-07-11,2024,July,7,Q3,28,11,Thursday,85.41999816894531,85.88999938964844,84.6500015258789,85.4000015258789,-0.02,1.24,0.38,85.86,83.65,47743
2024-07-12,2024,July,7,Q3,28,12,Friday,85.58999633789062,86.33999633789062,84.95999908447266,85.02999877929688,-0.56,1.38,-0.43,85.69,83.7,48430
2024-07-15,2024,July,7,Q3,29,15,Monday,85.02999877929688,85.36000061035156,84.41000366210938,84.8499984741211,-0.18,0.95,-0.21,85.33,83.8,36586
2024-07-16,2024,July,7,Q3,29,16,Tuesday,84.86000061035156,84.87000274658203,83.30000305175781,83.7300033569336,-1.13,1.57,-1.32,84.93,83.87,45546
2024-07-17,2024,July,7,Q3,29,17,Wednesday,83.83999633789062,85.19999694824219,83.44000244140625,85.08000183105469,1.24,1.76,1.61,84.83,84.09,44273
2024-07-18,2024,July,7,Q3,29,18,Thursday,85.19999694824219,85.81999969482422,84.22000122070312,85.11000061035156,-0.09,1.6,0.04,84.9,84.35,45867
2024-07-19,2024,July,7,Q3,29,19,Friday,84.80000305175781,85.3499984741211,82.56999969482422,82.62999725341797,-2.17,2.78,-2.91,84.55,84.49,45739
2024-07-22,2024,July,7,Q3,30,22,Monday,82.83000183105469,83.20999908447266,81.58999633789062,82.4000015258789,-0.43,1.62,-0.28,84.12,84.57,36408
2024-07-23,2024,July,7,Q3,30,23,Tuesday,82.20999908447266,82.77999877929688,80.5199966430664,81.01000213623047,-1.2,2.26,-1.69,83.54,84.62,45436
2024-07-24,2024,July,7,Q3,30,24,Wednesday,81.48999786376953,82.22000122070312,80.94000244140625,81.70999908447266,0.22,1.28,0.86,83.1,84.62,47261
2024-07-25,2024,July,7,Q3,30,25,Thursday,81.52999877929688,82.5199966430664,80.08999633789062,82.37000274658203,0.84,2.43,0.81,82.9,84.64,51868
2024-07-26,2024,July,7,Q3,30,26,Friday,82.44999694824219,82.69000244140625,80.31999969482422,81.12999725341797,-1.32,2.37,-1.51,82.34,84.59,27491
2024-07-29,2024,July,7,Q3,31,29,Monday,81.0199966430664,81.72000122070312,79.37999725341797,79.77999877929688,-1.24,2.34,-1.66,81.58,84.49,22531
2024-07-30,2024,July,7,Q3,31,30,Tuesday,79.83999633789062,79.94999694824219,78.41999816894531,78.62999725341797,-1.21,1.53,-1.44,81.0,84.36,15035
2024-07-31,2024,July,7,Q3,31,31,Wednesday,79.05999755859375,80.83999633789062,79.0,80.72000122070312,1.66,1.84,2.66,80.76,84.24,54838
2024-08-01,2024,August,8,Q3,31,1,Thursday,81.51000213623047,81.80000305175781,79.44000244140625,79.5199966430664,-1.99,2.36,-1.49,80.55,84.04,44000
2024-08-02,2024,August,8,Q3,31,2,Friday,80.04000091552734,80.44999694824219,76.41999816894531,76.80999755859375,-3.23,4.03,-3.41,79.85,83.75,58894
2024-08-05,2024,August,8,Q3,32,5,Monday,77.44000244140625,77.75,75.05000305175781,76.30000305175781,-1.14,2.7,-0.66,78.98,83.45,59442
2024-08-06,2024,August,8,Q3,32,6,Tuesday,77.2300033569336,77.80000305175781,75.58999633789062,76.4800033569336,-0.75,2.21,0.24,78.32,83.13,45238
2024-08-07,2024,August,8,Q3,32,7,Wednesday,76.19999694824219,78.86000061035156,75.94999694824219,78.33000183105469,2.13,2.91,2.42,78.11,82.91,49730
2024-08-08,2024,August,8,Q3,32,8,Thursday,78.4800033569336,79.37000274658203,77.62999725341797,79.16000366210938,0.68,1.74,1.06,78.19,82.71,40462
2024-08-09,2024,August,8,Q3,32,9,Friday,79.01000213623047,79.81999969482422,78.7699966430664,79.66000366210938,0.65,1.05,0.63,78.04,82.48,32227
2024-08-12,2024,August,8,Q3,33,12,Monday,79.66999816894531,82.4000015258789,79.4800033569336,82.30000305175781,2.63,2.92,3.31,78.43,82.35,45234
2024-08-13,2024,August,8,Q3,33,13,Tuesday,81.98999786376953,82.30000305175781,80.55000305175781,80.69000244140625,-1.3,1.75,-1.96,78.99,82.15,50485
2024-08-14,2024,August,8,Q3,33,14,Wednesday,80.9800033569336,81.44000244140625,79.61000061035156,79.76000213623047,-1.22,1.83,-1.15,79.48,81.93,50327
2024-08-15,2024,August,8,Q3,33,15,Thursday,79.98999786376953,81.41000366210938,79.6500015258789,81.04000091552734,1.05,1.76,1.6,80.13,81.72,33165
2024-08-16,2024,August,8,Q3,33,16,Friday,80.95999908447266,81.0,78.63999938964844,79.68000030517578,-1.28,2.36,-1.68,80.33,81.49,33753
2024-08-19,2024,August,8,Q3,34,19,Monday,79.6500015258789,79.75,77.5,77.66000366210938,-1.99,2.25,-2.54,80.11,81.22,45853
2024-08-20,2024,August,8,Q3,34,20,Tuesday,77.73999786376953,78.33999633789062,76.54000091552734,77.19999694824219,-0.54,1.8,-0.59,79.76,80.98,39162
2024-08-21,2024,August,8,Q3,34,21,Wednesday,77.08000183105469,78.19999694824219,75.6500015258789,76.05000305175781,-1.03,2.55,-1.49,78.87,80.67,45081
2024-08-22,2024,August,8,Q3,34,22,Thursday,76.16000366210938,77.69999694824219,75.77999877929688,77.22000122070312,1.06,1.92,1.54,78.37,80.4,33822
2024-08-23,2024,August,8,Q3,34,23,Friday,77.12000274658203,79.26000213623047,77.05000305175781,79.0199966430664,1.9,2.21,2.33,78.27,80.2,19275
2024-08-26,2024,August,8,Q3,35,26,Monday,79.31999969482422,81.58000183105469,79.23999786376953,81.43000030517578,2.11,2.34,3.05,78.32,80.09,25997
2024-08-27,2024,August,8,Q3,35,27,Tuesday,81.22000122070312,81.56999969482422,79.4800033569336,79.55000305175781,-1.67,2.09,-2.31,78.3,79.95,21261
2024-08-28,2024,August,8,Q3,35,28,Wednesday,79.83999633789062,80.01000213623047,77.93000030517578,78.6500015258789,-1.19,2.08,-1.13,78.45,79.73,16512
2024-08-29,2024,August,8,Q3,35,29,Thursday,78.36000061035156,80.79000091552734,78.11000061035156,79.94000244140625,1.58,2.68,1.64,78.84,79.56,9726
2024-08-30,2024,August,8,Q3,35,30,Friday,79.5199966430664,80.5,78.5999984741211,78.80000305175781,-0.72,1.9,-1.43,79.23,79.43,50268
2024-09-03,2024,September,9,Q3,36,3,Tuesday,76.88999938964844,77.61000061035156,73.5199966430664,73.75,-3.14,4.09,-6.41,78.73,79.15,70646
2024-09-04,2024,September,9,Q3,36,4,Wednesday,73.68000030517578,74.79000091552734,72.3499984741211,72.69999694824219,-0.98,2.44,-1.42,77.83,78.87,56979
2024-09-05,2024,September,9,Q3,36,5,Thursday,72.62000274658203,74.18000030517578,72.36000061035156,72.69000244140625,0.07,1.82,-0.01,76.58,78.57,47879
2024-09-06,2024,September,9,Q3,36,6,Friday,72.8499984741211,73.5199966430664,70.62000274658203,71.05999755859375,-1.79,2.9,-2.24,75.37,78.19,36035
2024-09-09,2024,September,9,Q3,37,9,Monday,71.5199966430664,72.22000122070312,70.6500015258789,71.83999633789062,0.32,1.57,1.1,74.4,77.88,35995
2024-09-10,2024,September,9,Q3,37,10,Tuesday,71.9000015258789,72.26000213623047,68.69000244140625,69.19000244140625,-2.71,3.57,-3.69,72.86,77.53,47963
2024-09-11,2024,September,9,Q3,37,11,Wednesday,69.68000030517578,71.08000183105469,69.01000213623047,70.61000061035156,0.93,2.07,2.05,71.69,77.26,42995
2024-09-12,2024,September,9,Q3,37,12,Thursday,70.72000122070312,72.86000061035156,70.58999633789062,71.97000122070312,1.25,2.27,1.93,71.44,76.97,42690
2024-09-13,2024,September,9,Q3,37,13,Friday,72.37000274658203,73.2300033569336,71.4800033569336,71.61000061035156,-0.76,1.75,-0.5,71.28,76.71,34281
2024-09-16,2024,September,9,Q3,38,16,Monday,72.0199966430664,73.37999725341797,71.5199966430664,72.75,0.73,1.86,1.59,71.29,76.57,36417
2024-09-17,2024,September,9,Q3,38,17,Tuesday,73.01000213623047,74.2699966430664,72.16999816894531,73.69999694824219,0.69,2.1,1.31,71.67,76.48,38565
2024-09-18,2024,September,9,Q3,38,18,Wednesday,73.68000030517578,74.08999633789062,72.30999755859375,73.6500015258789,-0.03,1.78,-0.07,71.93,76.39,35693
2024-09-19,2024,September,9,Q3,38,19,Thursday,72.9000015258789,75.19000244140625,72.87999725341797,74.87999725341797,1.98,2.31,1.67,72.74,76.27,36126
2024-09-20,2024,September,9,Q3,38,20,Friday,74.87999725341797,75.01000213623047,74.0,74.48999786376953,-0.39,1.01,-0.52,73.29,76.12,27358
2024-09-23,2024,September,9,Q3,39,23,Monday,74.76000213623047,75.16000366210938,73.11000061035156,73.9000015258789,-0.86,2.05,-0.79,73.57,75.93,29116
2024-09-24,2024,September,9,Q3,39,24,Tuesday,74.27999877929688,75.87000274658203,73.97000122070312,75.16999816894531,0.89,1.9,1.72,74.08,75.69,31341
2024-09-25,2024,September,9,Q3,39,25,Wednesday,75.12999725341797,75.31999969482422,73.04000091552734,73.45999908447266,-1.67,2.28,-2.27,74.18,75.45,31571
2024-09-26,2024,September,9,Q3,39,26,Thursday,73.47000122070312,73.7699966430664,70.7699966430664,71.5999984741211,-1.87,3.0,-2.53,73.88,75.18,18234
2024-09-27,2024,September,9,Q3,39,27,Friday,71.23999786376953,72.36000061035156,70.93000030517578,71.9800033569336,0.74,1.43,0.53,73.64,74.87,7872
2024-09-30,2024,September,9,Q3,40,30,Monday,71.83999633789062,73.0999984741211,71.38999938964844,71.7699966430664,-0.07,1.71,-0.29,73.2,74.61,41928
2024-10-01,2024,October,10,Q4,40,1,Tuesday,72.0,75.44999694824219,69.91000366210938,73.55999755859375,1.56,5.54,2.49,73.06,74.47,90111
2024-10-02,2024,October,10,Q4,40,2,Wednesday,74.4000015258789,76.12999725341797,73.58999633789062,73.9000015258789,-0.5,2.54,0.46,73.06,74.36,53911
2024-10-03,2024,October,10,Q4,40,3,Thursday,74.7300033569336,77.97000122070312,74.30999755859375,77.62000274658203,2.89,3.66,5.03,73.41,74.42,68997
2024-10-04,2024,October,10,Q4,40,4,Friday,77.98999786376953,79.30000305175781,77.38999938964844,78.05000305175781,0.06,1.91,0.55,74.07,74.44,57481
2024-10-07,2024,October,10,Q4,41,7,Monday,78.01000213623047,81.16000366210938,77.26000213623047,80.93000030517578,2.92,3.9,3.69,75.4,74.51,55050
2024-10-08,2024,October,10,Q4,41,8,Tuesday,81.16000366210938,82.08000183105469,76.37000274658203,77.18000030517578,-3.98,5.71,-4.63,76.14,74.37,66184
2024-10-09,2024,October,10,Q4,41,9,Wednesday,77.5199966430664,78.0199966430664,75.1500015258789,76.58000183105469,-0.94,2.87,-0.78,76.83,74.27,46931
2024-10-10,2024,October,10,Q4,41,10,Thursday,76.75,79.72000122070312,76.73999786376953,79.4000015258789,2.65,2.98,3.68,77.67,74.29,43562
2024-10-11,2024,October,10,Q4,41,11,Friday,79.2300033569336,79.48999786376953,78.05000305175781,79.04000091552734,-0.19,1.44,-0.45,78.4,74.26,44341
2024-10-14,2024,October,10,Q4,42,14,Monday,78.5999984741211,78.5999984741211,75.38999938964844,77.45999908447266,-1.14,3.21,-2.0,78.38,74.22,35593
2024-10-15,2024,October,10,Q4,42,15,Tuesday,75.20999908447266,75.62999725341797,73.33000183105469,74.25,-0.96,2.3,-4.14,77.83,74.23,47877
2024-10-16,2024,October,10,Q4,42,16,Wednesday,74.72000122070312,74.91999816894531,73.41999816894531,74.22000122070312,-0.5,1.5,-0.04,76.88,74.28,40980
2024-10-17,2024,October,10,Q4,42,17,Thursday,74.5,74.91000366210938,73.25,74.44999694824219,-0.05,1.66,0.31,76.49,74.34,36901
2024-10-18,2024,October,10,Q4,42,18,Friday,74.5199966430664,74.94000244140625,72.48999786376953,73.05999755859375,-1.46,2.45,-1.87,75.98,74.41,34009
2024-10-21,2024,October,10,Q4,43,21,Monday,73.13999938964844,74.55999755859375,72.80000305175781,74.29000091552734,1.15,1.76,1.68,75.25,74.49,29891
2024-10-22,2024,October,10,Q4,43,22,Tuesday,74.13999938964844,76.31999969482422,73.56999969482422,76.04000091552734,1.9,2.75,2.36,74.82,74.72,36505
2024-10-23,2024,October,10,Q4,43,23,Wednesday,75.6500015258789,76.01000213623047,74.44000244140625,74.95999908447266,-0.69,1.57,-1.42,74.47,74.86,28090
2024-10-24,2024,October,10,Q4,43,24,Thursday,75.20999908447266,76.52999877929688,74.0,74.37999725341797,-0.83,2.53,-0.77,74.49,74.94,23845
2024-10-25,2024,October,10,Q4,43,25,Friday,74.55000305175781,76.13999938964844,74.16999816894531,76.05000305175781,1.5,1.97,2.25,74.75,75.09,20056
2024-10-28,2024,October,10,Q4,44,28,Monday,74.0,74.0,71.16999816894531,71.41999816894531,-2.58,2.83,-6.09,74.31,75.05,28003
2024-10-29,2024,October,10,Q4,44,29,Tuesday,72.11000061035156,72.56999969482422,70.7300033569336,71.12000274658203,-0.99,1.84,-0.42,74.04,74.96,16776
2024-10-30,2024,October,10,Q4,44,30,Wednesday,71.31999969482422,73.08000183105469,71.16000366210938,72.55000305175781,1.23,1.92,2.01,73.79,74.93,11034
2024-10-31,2024,October,10,Q4,44,31,Thursday,72.76000213623047,73.36000061035156,72.37000274658203,73.16000366210938,0.4,0.99,0.84,73.38,74.87,36772
2024-11-01,2024,November,11,Q4,44,1,Friday,74.12999725341797,74.94999694824219,72.88999938964844,73.0999984741211,-1.03,2.06,-0.08,73.11,74.82,32059
2024-11-04,2024,November,11,Q4,45,4,Monday,73.7300033569336,75.38999938964844,73.7300033569336,75.08000183105469,1.35,1.66,2.71,73.21,74.86,31292
2024-11-05,2024,November,11,Q4,45,5,Tuesday,75.19999694824219,76.2300033569336,74.91999816894531,75.52999877929688,0.33,1.31,0.6,73.14,74.87,40233
2024-11-06,2024,November,11,Q4,45,6,Wednesday,75.48999786376953,76.01000213623047,73.3499984741211,74.91999816894531,-0.57,2.66,-0.81,73.64,74.92,57996
2024-11-07,2024,November,11,Q4,45,7,Thursday,75.11000061035156,76.06999969482422,74.05000305175781,75.62999725341797,0.52,2.02,0.95,74.28,75.06,41262
2024-11-08,2024,November,11,Q4,45,8,Friday,75.5199966430664,75.62000274658203,73.44000244140625,73.87000274658203,-1.65,2.18,-2.33,74.47,75.12,35855
2024-11-11,2024,November,11,Q4,46,11,Monday,73.73999786376953,74.12999725341797,71.58999633789062,71.83000183105469,-1.91,2.54,-2.76,74.28,75.12,33838
2024-11-12,2024,November,11,Q4,46,12,Tuesday,71.91999816894531,72.81999969482422,71.55999755859375,71.88999938964844,-0.03,1.26,0.08,74.11,75.07,38295
2024-11-13,2024,November,11,Q4,46,13,Wednesday,71.77999877929688,72.62000274658203,70.75,72.27999877929688,0.5,1.87,0.54,73.71,75.01,43666
2024-11-14,2024,November,11,Q4,46,14,Thursday,71.98999786376953,73.22000122070312,71.80000305175781,72.55999755859375,0.57,1.42,0.39,73.28,74.84,32367
2024-11-15,2024,November,11,Q4,46,15,Friday,72.43000030517578,72.47000122070312,70.83999633789062,71.04000091552734,-1.39,1.63,-2.09,72.73,74.61,30126
2024-11-18,2024,November,11,Q4,47,18,Monday,70.87999725341797,73.45999908447266,70.69999694824219,73.30000305175781,2.42,2.76,3.18,72.4,74.35,30425
2024-11-19,2024,November,11,Q4,47,19,Tuesday,73.18000030517578,73.87000274658203,72.61000061035156,73.30999755859375,0.13,1.26,0.01,72.32,74.23,32668
2024-11-20,2024,November,11,Q4,47,20,Wednesday,73.33999633789062,73.94000244140625,72.69999694824219,72.80999755859375,-0.53,1.24,-0.68,72.46,74.1,26041
2024-11-21,2024,November,11,Q4,47,21,Thursday,73.12000274658203,74.37000274658203,72.91000366210938,74.2300033569336,1.11,1.46,1.95,72.79,73.93,35756
2024-11-22,2024,November,11,Q4,47,22,Friday,74.29000091552734,75.41999816894531,73.51000213623047,75.16999816894531,0.88,1.91,1.27,73.2,73.8,29569
2024-11-25,2024,November,11,Q4,48,25,Monday,75.20999908447266,75.30999755859375,72.8499984741211,73.01000213623047,-2.2,2.46,-2.87,73.27,73.65,29335
2024-11-26,2024,November,11,Q4,48,26,Tuesday,73.12000274658203,74.33000183105469,72.12000274658203,72.80999755859375,-0.31,2.21,-0.27,73.52,73.6,17616
2024-11-27,2024,November,11,Q4,48,27,Wednesday,72.94000244140625,73.3499984741211,72.2699966430664,72.83000183105469,-0.11,1.08,0.03,73.45,73.56,10246
2024-11-29,2024,November,11,Q4,48,29,Friday,72.91999816894531,73.5,72.12000274658203,72.94000244140625,0.02,1.38,0.15,73.4,73.51,45282
2024-12-02,2024,December,12,Q4,49,2,Monday,71.73999786376953,72.87999725341797,71.5199966430664,71.83000183105469,0.09,1.36,-1.52,73.26,73.46,31283
2024-12-03,2024,December,12,Q4,49,3,Tuesday,71.86000061035156,73.9000015258789,71.69000244140625,73.62000274658203,1.76,2.21,2.49,73.17,73.44,40365
2024-12-04,2024,December,12,Q4,49,4,Wednesday,73.80999755859375,74.26000213623047,72.25,72.30999755859375,-1.5,2.01,-1.78,72.76,73.32,36988
2024-12-05,2024,December,12,Q4,49,5,Thursday,72.44999694824219,72.9000015258789,71.80000305175781,72.08999633789062,-0.36,1.1,-0.3,72.63,73.22,32373
2024-12-06,2024,December,12,Q4,49,6,Friday,72.16999816894531,72.2300033569336,70.83000183105469,71.12000274658203,-1.05,1.4,-1.35,72.39,73.11,27572
2024-12-09,2024,December,12,Q4,50,9,Monday,71.04000091552734,72.6500015258789,70.95999908447266,72.13999938964844,1.1,1.69,1.43,72.29,72.98,25921
2024-12-10,2024,December,12,Q4,50,10,Tuesday,71.93000030517578,72.72000122070312,71.52999877929688,72.19000244140625,0.26,1.19,0.07,72.19,73.01,32220
2024-12-11,2024,December,12,Q4,50,11,Wednesday,72.02999877929688,73.73999786376953,72.0199966430664,73.5199966430664,1.49,1.72,1.84,72.43,73.09,35954
2024-12-12,2024,December,12,Q4,50,12,Thursday,73.58999633789062,73.9800033569336,72.43000030517578,73.41000366210938,-0.18,1.55,-0.15,72.4,73.12,36231
2024-12-13,2024,December,12,Q4,50,13,Friday,73.43000030517578,74.58999633789062,73.2699966430664,74.48999786376953,1.06,1.32,1.47,72.71,73.16,26225
2024-12-16,2024,December,12,Q4,51,16,Monday,74.51000213623047,74.54000091552734,73.69999694824219,73.91000366210938,-0.6,0.84,-0.78,72.97,73.19,25458
2024-12-17,2024,December,12,Q4,51,17,Tuesday,73.86000061035156,74.18000030517578,72.45999908447266,73.19000244140625,-0.67,1.72,-0.97,73.26,73.13,26356
2024-12-18,2024,December,12,Q4,51,18,Wednesday,73.33999633789062,74.19000244140625,72.80000305175781,73.38999938964844,0.05,1.39,0.27,73.44,73.05,25873
2024-12-19,2024,December,12,Q4,51,19,Thursday,72.93000030517578,73.87000274658203,72.52999877929688,72.87999725341797,-0.05,1.34,-0.69,73.54,72.99,27742
2024-12-20,2024,December,12,Q4,51,20,Friday,72.70999908447266,73.27999877929688,71.97000122070312,72.94000244140625,0.23,1.31,0.08,73.46,72.9,25362
2024-12-23,2024,December,12,Q4,52,23,Monday,72.83000183105469,73.37000274658203,71.9800033569336,72.62999725341797,-0.2,1.39,-0.43,73.35,72.86,20997
2024-12-24,2024,December,12,Q4,52,24,Tuesday,72.83999633789062,73.80999755859375,72.77999877929688,73.58000183105469,0.74,1.03,1.31,73.22,72.91,8922
2024-12-26,2024,December,12,Q4,52,26,Thursday,73.77999877929688,74.18000030517578,72.9800033569336,73.26000213623047,-0.52,1.2,-0.43,73.12,72.96,5773
2024-12-27,2024,December,12,Q4,52,27,Friday,73.13999938964844,74.33999633789062,73.06999969482422,74.16999816894531,1.03,1.27,1.24,73.26,73.02,5515
2024-12-30,2024,December,12,Q4,1,30,Monday,74.2300033569336,75.04000091552734,73.76000213623047,74.38999938964844,0.16,1.28,0.3,73.41,73.08,30436
2024-12-31,2024,December,12,Q4,1,31,Tuesday,74.0999984741211,74.87999725341797,73.83999633789062,74.63999938964844,0.54,1.04,0.34,73.66,73.2,20588
2025-01-02,2025,January,1,Q1,1,2,Thursday,74.87999725341797,76.54000091552734,74.7300033569336,75.93000030517578,1.05,1.81,1.73,74.09,73.29,41474
2025-01-03,2025,January,1,Q1,1,3,Friday,75.9000015258789,76.73999786376953,75.52999877929688,76.51000213623047,0.61,1.21,0.76,74.64,73.4,38822
2025-01-06,2025,January,1,Q1,2,6,Monday,76.58999633789062,77.5,75.94000244140625,76.30000305175781,-0.29,1.56,-0.27,75.03,73.51,49229
2025-01-07,2025,January,1,Q1,2,7,Tuesday,76.23999786376953,77.2699966430664,75.91999816894531,77.05000305175781,0.81,1.35,0.98,75.57,73.61,37188
2025-01-08,2025,January,1,Q1,2,8,Wednesday,77.23999786376953,77.88999938964844,76.02999877929688,76.16000366210938,-1.08,1.86,-1.16,75.85,73.64,46650
2025-01-09,2025,January,1,Q1,2,9,Thursday,76.16000366210938,77.2699966430664,75.69999694824219,76.91999816894531,0.76,1.57,1.0,76.22,73.77,31706
2025-01-10,2025,January,1,Q1,2,10,Friday,77.20999908447266,80.76000213623047,77.04000091552734,79.76000213623047,2.55,3.72,3.69,76.95,74.0,92049
2025-01-13,2025,January,1,Q1,3,13,Monday,79.55000305175781,81.66999816894531,79.54000091552734,81.01000213623047,1.46,2.13,1.57,77.67,74.28,77109
2025-01-14,2025,January,1,Q1,3,14,Tuesday,80.91000366210938,81.13999938964844,79.86000061035156,79.91999816894531,-0.99,1.28,-1.35,78.16,74.51,67129
2025-01-15,2025,January,1,Q1,3,15,Wednesday,80.31999969482422,82.62999725341797,79.62999725341797,82.02999877929688,1.71,3.0,2.64,78.98,74.85,69122
2025-01-16,2025,January,1,Q1,3,16,Thursday,82.44000244140625,82.55000305175781,80.38999938964844,81.29000091552734,-1.15,2.16,-0.9,79.58,75.1,69075
2025-01-17,2025,January,1,Q1,3,17,Friday,81.30999755859375,81.93000030517578,80.55999755859375,80.79000091552734,-0.52,1.37,-0.62,80.25,75.39,42284
2025-01-21,2025,January,1,Q1,4,21,Tuesday,80.94000244140625,81.23999786376953,78.47000122070312,79.29000091552734,-1.65,2.77,-1.86,80.58,75.63,83935
2025-01-22,2025,January,1,Q1,4,22,Wednesday,79.30999755859375,79.9000015258789,78.80999755859375,79.0,-0.31,1.09,-0.37,80.48,75.89,40868
2025-01-23,2025,January,1,Q1,4,23,Thursday,78.91000366210938,79.58999633789062,77.80000305175781,78.29000091552734,-0.62,1.79,-0.9,80.09,76.09,46348
2025-01-24,2025,January,1,Q1,4,24,Friday,77.87999725341797,78.95999908447266,77.61000061035156,78.5,0.62,1.35,0.27,79.88,76.31,30464
2025-01-27,2025,January,1,Q1,5,27,Monday,78.55000305175781,78.98999786376953,76.31999969482422,77.08000183105469,-1.47,2.67,-1.81,79.18,76.42,40623
2025-01-28,2025,January,1,Q1,5,28,Tuesday,77.06999969482422,78.13999938964844,76.83000183105469,77.48999786376953,0.42,1.31,0.53,78.63,76.56,29822
2025-01-29,2025,January,1,Q1,5,29,Wednesday,77.62999725341797,77.69999694824219,76.30000305175781,76.58000183105469,-1.05,1.4,-1.17,78.03,76.63,19845
2025-01-30,2025,January,1,Q1,5,30,Thursday,76.86000061035156,77.55000305175781,75.98999786376953,76.87000274658203,0.01,1.56,0.38,77.69,76.73,8389
2025-01-31,2025,January,1,Q1,5,31,Friday,77.0,77.08000183105469,76.51000213623047,76.76000213623047,-0.24,0.57,-0.14,77.37,76.85,50618
2025-02-03,2025,February,2,Q1,6,3,Monday,76.81999969482422,77.52999877929688,75.04000091552734,75.95999908447266,-0.86,2.49,-1.04,77.03,76.93,75087
2025-02-04,2025,February,2,Q1,6,4,Tuesday,75.5199966430664,76.66999816894531,74.12999725341797,76.19999694824219,0.68,2.54,0.32,76.71,77.04,62716
2025-02-05,2025,February,2,Q1,6,5,Wednesday,76.08000183105469,76.3499984741211,74.55000305175781,74.61000061035156,-1.47,1.8,-2.09,76.35,77.1,30739
2025-02-06,2025,February,2,Q1,6,6,Thursday,74.5999984741211,75.38999938964844,74.08999633789062,74.29000091552734,-0.31,1.3,-0.43,75.9,77.15,41460
2025-02-07,2025,February,2,Q1,6,7,Friday,74.19999694824219,75.08999633789062,74.19000244140625,74.66000366210938,0.46,0.9,0.5,75.62,77.19,35634
2025-02-10,2025,February,2,Q1,7,10,Monday,74.54000091552734,76.06999969482422,74.54000091552734,75.87000274658203,1.33,1.53,1.62,75.48,77.28,27341
2025-02-11,2025,February,2,Q1,7,11,Tuesday,76.05000305175781,77.2699966430664,75.88999938964844,77.0,0.95,1.38,1.49,75.51,77.37,37979
2025-02-12,2025,February,2,Q1,7,12,Wednesday,76.81999969482422,76.88999938964844,74.94999694824219,75.18000030517578,-1.64,1.94,-2.36,75.4,77.4,47048
2025-02-13,2025,February,2,Q1,7,13,Thursday,74.97000122070312,75.33000183105469,74.05000305175781,75.0199966430664,0.05,1.28,-0.21,75.23,77.41,37759
2025-02-14,2025,February,2,Q1,7,14,Friday,75.23999786376953,75.83000183105469,74.48999786376953,74.73999786376953,-0.5,1.34,-0.37,75.25,77.37,41397
2025-02-18,2025,February,2,Q1,8,18,Tuesday,74.63999938964844,76.05000305175781,74.19000244140625,75.83999633789062,1.2,1.86,1.47,75.47,77.35,50542
2025-02-19,2025,February,2,Q1,8,19,Wednesday,75.80000305175781,76.81999969482422,75.75,76.04000091552734,0.24,1.07,0.26,75.67,77.34,30426
2025-02-20,2025,February,2,Q1,8,20,Thursday,76.04000091552734,77.13999938964844,75.70999908447266,76.4800033569336,0.44,1.43,0.58,75.76,77.32,33347
2025-02-21,2025,February,2,Q1,8,21,Friday,76.55999755859375,76.75,74.20999908447266,74.43000030517578,-2.13,2.54,-2.68,75.39,77.26,28100
2025-02-24,2025,February,2,Q1,9,24,Monday,73.91000366210938,74.91000366210938,73.91000366210938,74.77999877929688,0.87,1.0,0.47,75.33,77.19,17858
2025-02-25,2025,February,2,Q1,9,25,Tuesday,74.88999938964844,75.25,72.69999694824219,73.0199966430664,-1.87,2.55,-2.35,75.05,76.97,19080
2025-02-26,2025,February,2,Q1,9,26,Wednesday,73.13999938964844,73.33999633789062,72.38999938964844,72.52999877929688,-0.61,0.95,-0.67,74.73,76.68,11916
2025-02-27,2025,February,2,Q1,9,27,Thursday,72.69000244140625,74.26000213623047,72.4800033569336,74.04000091552734,1.35,1.78,2.08,74.47,76.49,7925
2025-02-28,2025,February,2,Q1,9,28,Friday,73.7300033569336,73.73999786376953,72.97000122070312,73.18000030517578,-0.55,0.77,-1.16,74.07,76.19,36432
2025-03-03,2025,March,3,Q1,10,3,Monday,73.06999969482422,73.66000366210938,71.16999816894531,71.62000274658203,-1.45,2.49,-2.13,73.37,75.87,51816
2025-03-04,2025,March,3,Q1,10,4,Tuesday,71.44999694824219,71.45999908447266,69.75,71.04000091552734,-0.41,1.71,-0.81,72.89,75.55,58867
2025-03-05,2025,March,3,Q1,10,5,Wednesday,71.13999938964844,71.16000366210938,68.33999633789062,69.30000305175781,-1.84,2.82,-2.45,72.1,75.21,51721
2025-03-06,2025,March,3,Q1,10,6,Thursday,69.44999694824219,69.87999725341797,68.7300033569336,69.45999908447266,0.01,1.15,0.23,71.6,74.9,49024
2025-03-07,2025,March,3,Q1,10,7,Friday,69.37999725341797,71.37999725341797,69.27999877929688,70.36000061035156,0.98,2.1,1.3,71.29,74.63,46468
2025-03-10,2025,March,3,Q1,11,10,Monday,70.44000244140625,70.86000061035156,69.05999755859375,69.27999877929688,-1.16,1.8,-1.53,70.61,74.32,33488
2025-03-11,2025,March,3,Q1,11,11,Tuesday,69.41000366210938,70.43000030517578,68.62999725341797,69.55999755859375,0.15,1.8,0.4,70.09,74.07,26933
2025-03-12,2025,March,3,Q1,11,12,Wednesday,69.8499984741211,71.08999633789062,69.47000122070312,70.94999694824219,1.1,1.62,2.0,69.99,73.86,30577
2025-03-13,2025,March,3,Q1,11,13,Thursday,70.9800033569336,71.23999786376953,69.68000030517578,69.87999725341797,-1.1,1.56,-1.51,69.83,73.63,33450
2025-03-14,2025,March,3,Q1,11,14,Friday,70.08000183105469,70.75,69.94000244140625,70.58000183105469,0.5,0.81,1.0,70.01,73.42,24740
2025-03-17,2025,March,3,Q1,12,17,Monday,70.68000030517578,71.79000091552734,70.68000030517578,71.06999969482422,0.39,1.11,0.69,70.24,73.23,29314
2025-03-18,2025,March,3,Q1,12,18,Tuesday,70.93000030517578,72.19000244140625,70.26000213623047,70.55999755859375,-0.37,1.93,-0.72,70.27,73.05,32008
2025-03-19,2025,March,3,Q1,12,19,Wednesday,70.36000061035156,71.22000122070312,69.9000015258789,70.77999877929688,0.42,1.32,0.31,70.48,72.87,26898
2025-03-20,2025,March,3,Q1,12,20,Thursday,70.86000061035156,72.29000091552734,70.52999877929688,72.0,1.14,1.76,1.72,70.83,72.78,33049
2025-03-21,2025,March,3,Q1,12,21,Friday,72.2300033569336,72.54000091552734,71.51000213623047,72.16000366210938,-0.07,1.03,0.22,71.0,72.71,23983
2025-03-24,2025,March,3,Q1,13,24,Monday,72.19999694824219,73.16000366210938,71.80000305175781,73.0,0.8,1.36,1.16,71.45,72.66,31456
2025-03-25,2025,March,3,Q1,13,25,Tuesday,73.08999633789062,73.56999969482422,72.5,73.0199966430664,-0.07,1.07,0.03,71.8,72.56,30415
2025-03-26,2025,March,3,Q1,13,26,Wednesday,73.18000030517578,74.16999816894531,73.08999633789062,73.79000091552734,0.61,1.08,1.05,72.19,72.46,27419
2025-03-27,2025,March,3,Q1,13,27,Thursday,73.98999786376953,74.06999969482422,73.2300033569336,74.02999877929688,0.04,0.84,0.33,72.68,72.42,19183
2025-03-28,2025,March,3,Q1,13,28,Friday,74.05999755859375,74.20999908447266,73.12000274658203,73.62999725341797,-0.43,1.09,-0.54,73.09,72.37,12292
2025-03-31,2025,March,3,Q1,14,31,Monday,73.41999816894531,74.79000091552734,73.37000274658203,74.73999786376953,1.32,1.42,1.51,73.48,72.37,53426
2025-04-01,2025,April,4,Q2,14,1,Tuesday,74.62999725341797,75.27999877929688,74.33999633789062,74.48999786376953,-0.14,0.94,-0.33,73.81,72.33,54055
2025-04-02,2025,April,4,Q2,14,2,Wednesday,74.4000015258789,75.45999908447266,73.70999908447266,74.94999694824219,0.55,1.75,0.62,74.09,72.29,61062
2025-04-03,2025,April,4,Q2,14,3,Thursday,73.58999633789062,73.62000274658203,69.47000122070312,70.13999938964844,-3.45,4.15,-6.42,73.68,72.08,100212
2025-04-04,2025,April,4,Q2,14,4,Friday,69.80999755859375,70.05000305175781,64.01000213623047,65.58000183105469,-4.23,6.04,-6.5,72.51,71.78,121211
2025-04-07,2025,April,4,Q2,15,7,Monday,64.79000091552734,67.41000366210938,62.5099983215332,64.20999908447266,-0.58,4.9,-2.09,71.11,71.43,114411
2025-04-08,2025,April,4,Q2,15,8,Tuesday,64.44000244140625,65.19000244140625,61.27999877929688,62.81999969482422,-1.62,3.91,-2.16,69.56,71.09,89690
2025-04-09,2025,April,4,Q2,15,9,Wednesday,61.54999923706055,66.0199966430664,58.38999938964844,65.4800033569336,3.93,7.63,4.23,68.24,70.86,127044
2025-04-10,2025,April,4,Q2,15,10,Thursday,65.80999755859375,66.2300033569336,62.0099983215332,63.33000183105469,-2.48,4.22,-3.28,66.64,70.5,78111
2025-04-11,2025,April,4,Q2,15,11,Friday,63.45000076293945,65.05000305175781,62.7599983215332,64.76000213623047,1.31,2.29,2.26,65.19,70.22,58543
2025-04-14,2025,April,4,Q2,16,14,Monday,64.88999938964844,65.9000015258789,64.04000091552734,64.87999725341797,-0.01,1.86,0.19,64.44,69.99,43786
2025-04-15,2025,April,4,Q2,16,15,Tuesday,64.93000030517578,65.38999938964844,64.2300033569336,64.66999816894531,-0.26,1.16,-0.32,64.31,69.78,40096
2025-04-16,2025,April,4,Q2,16,16,Wednesday,64.86000061035156,66.30999755859375,63.79999923706055,65.8499984741211,0.99,2.51,1.82,64.54,69.67,50308
2025-04-17,2025,April,4,Q2,16,17,Thursday,66.01000213623047,68.12999725341797,65.94999694824219,67.95999908447266,1.95,2.18,3.2,65.28,69.62,39781
2025-04-21,2025,April,4,Q2,17,21,Monday,67.77999877929688,67.77999877929688,65.68000030517578,66.26000213623047,-1.52,2.1,-2.5,65.39,69.48,38512
2025-04-22,2025,April,4,Q2,17,22,Tuesday,66.5999984741211,68.04000091552734,66.55000305175781,67.44000244140625,0.84,1.49,1.78,65.97,69.42,46152
2025-04-23,2025,April,4,Q2,17,23,Wednesday,67.76000213623047,68.63999938964844,65.29000091552734,66.12000274658203,-1.64,3.35,-1.96,66.17,69.3,58914
2025-04-24,2025,April,4,Q2,17,24,Thursday,66.22000122070312,67.02999877929688,65.80999755859375,66.55000305175781,0.33,1.22,0.65,66.41,69.16,36169
2025-04-25,2025,April,4,Q2,17,25,Friday,66.56999969482422,67.18000030517578,65.55999755859375,66.87000274658203,0.3,1.62,0.48,66.72,69.06,30729
2025-04-28,2025,April,4,Q2,18,28,Monday,67.20999908447266,67.52999877929688,65.25,65.86000061035156,-1.35,2.28,-1.51,66.72,68.9,21525
2025-04-29,2025,April,4,Q2,18,29,Tuesday,65.75,65.80999755859375,63.88999938964844,64.25,-1.5,1.92,-2.44,66.19,68.67,17528
2025-04-30,2025,April,4,Q2,18,30,Wednesday,63.54999923706055,63.75,63.0,63.119998931884766,-0.43,0.75,-1.76,65.74,68.42,79025
2025-05-01,2025,May,5,Q2,18,1,Thursday,61.13999938964844,62.36000061035156,59.310001373291016,62.130001068115234,0.99,3.05,-1.57,64.99,68.14,66984
2025-05-02,2025,May,5,Q2,18,2,Friday,61.880001068115234,62.720001220703125,60.70000076293945,61.290000915527344,-0.59,2.02,-1.35,64.3,67.78,58444
2025-05-05,2025,May,5,Q2,19,5,Monday,59.5099983215332,60.77000045776367,58.40999984741211,60.22999954223633,0.72,2.36,-1.73,63.39,67.38,49504
2025-05-06,2025,May,5,Q2,19,6,Tuesday,60.27999877929688,62.79999923706055,60.18999862670898,62.150001525878906,1.87,2.61,3.19,62.72,67.02,63444
2025-05-07,2025,May,5,Q2,19,7,Wednesday,62.06999969482422,63.209999084472656,60.84999847412109,61.119998931884766,-0.95,2.36,-1.66,62.04,66.62,60579
2025-05-08,2025,May,5,Q2,19,8,Thursday,60.93000030517578,63.209999084472656,60.77999877929688,62.84000015258789,1.91,2.43,2.81,61.84,66.26,56931
2025-05-09,2025,May,5,Q2,19,9,Friday,63.25,64.2699966430664,62.84999847412109,63.90999984741211,0.66,1.42,1.7,61.95,65.92,51994
2025-05-12,2025,May,5,Q2,20,12,Monday,64.2300033569336,66.37999725341797,63.88999938964844,64.95999908447266,0.73,2.49,1.64,62.36,65.63,62946
2025-05-13,2025,May,5,Q2,20,13,Tuesday,64.91999816894531,66.80000305175781,64.6500015258789,66.62999725341797,1.71,2.15,2.57,63.12,65.36,55567
2025-05-14,2025,May,5,Q2,20,14,Wednesday,66.5199966430664,66.58999633789062,65.68000030517578,66.08999633789062,-0.43,0.91,-0.81,63.96,65.08,49980
2025-05-15,2025,May,5,Q2,20,15,Thursday,65.76000213623047,65.83999633789062,63.43999862670898,64.52999877929688,-1.23,2.4,-2.36,64.3,64.73,70642
2025-05-16,2025,May,5,Q2,20,16,Friday,64.62999725341797,65.54000091552734,64.16999816894531,65.41000366210938,0.78,1.37,1.36,64.91,64.58,38629
2025-05-19,2025,May,5,Q2,21,19,Monday,65.30999755859375,66.01000213623047,64.43000030517578,65.54000091552734,0.23,1.58,0.2,65.3,64.58,43539
2025-05-20,2025,May,5,Q2,21,20,Tuesday,65.56999969482422,66.0,64.8499984741211,65.37999725341797,-0.19,1.15,-0.24,65.51,64.61,42663
2025-05-21,2025,May,5,Q2,21,21,Wednesday,65.61000061035156,67.48999786376953,64.61000061035156,64.91000366210938,-0.7,2.88,-0.72,65.5,64.68,58658
2025-05-22,2025,May,5,Q2,21,22,Thursday,64.63999938964844,65.0199966430664,63.52999877929688,64.44000244140625,-0.2,1.49,-0.72,65.19,64.65,45811
2025-05-23,2025,May,5,Q2,21,23,Friday,64.0199966430664,65.04000091552734,63.310001373291016,64.77999877929688,0.76,1.73,0.53,65.0,64.7,29810
2025-05-27,2025,May,5,Q2,22,27,Tuesday,65.0199966430664,65.41000366210938,63.470001220703125,64.08999633789062,-0.93,1.94,-1.07,64.94,64.68,34117
2025-05-28,2025,May,5,Q2,22,28,Wednesday,64.31999969482422,65.61000061035156,64.02999877929688,64.9000015258789,0.58,1.58,1.26,64.86,64.68,17817
2025-05-29,2025,May,5,Q2,22,29,Thursday,65.30000305175781,66.12999725341797,63.77999877929688,64.1500015258789,-1.15,2.35,-1.16,64.66,64.66,10456
2025-05-30,2025,May,5,Q2,22,30,Friday,63.81999969482422,64.5199966430664,63.70000076293945,63.900001525878906,0.08,0.82,-0.39,64.45,64.59,63546
2025-06-02,2025,June,6,Q2,23,2,Monday,63.040000915527344,65.70999908447266,62.970001220703125,64.62999725341797,1.59,2.74,1.14,64.41,64.48,57349
2025-06-03,2025,June,6,Q2,23,3,Tuesday,65.02999877929688,65.94000244140625,64.5199966430664,65.62999725341797,0.6,1.42,1.55,64.58,64.46,43536
2025-06-04,2025,June,6,Q2,23,4,Wednesday,65.61000061035156,65.95999908447266,64.27999877929688,64.86000061035156,-0.75,1.68,-1.17,64.59,64.38,56182
2025-06-05,2025,June,6,Q2,23,5,Thursday,64.91000366210938,65.86000061035156,64.62999725341797,65.33999633789062,0.43,1.23,0.74,64.77,64.35,38658
2025-06-06,2025,June,6,Q2,23,6,Friday,65.19999694824219,66.66999816894531,64.81999969482422,66.47000122070312,1.27,1.85,1.73,65.0,64.35,39490
2025-06-09,2025,June,6,Q2,24,9,Monday,66.5999984741211,67.12999725341797,66.08000183105469,67.04000091552734,0.44,1.05,0.86,65.41,64.35,35213
2025-06-10,2025,June,6,Q2,24,10,Tuesday,67.11000061035156,68.0,66.4800033569336,66.87000274658203,-0.24,1.52,-0.25,65.83,64.39,40266
2025-06-11,2025,June,6,Q2,24,11,Wednesday,66.56999969482422,69.95999908447266,66.47000122070312,69.7699966430664,3.2,3.49,4.34,66.57,64.57,58118
2025-06-12,2025,June,6,Q2,24,12,Thursday,70.36000061035156,70.61000061035156,68.37000274658203,69.36000061035156,-1.0,2.24,-0.59,67.1,64.78,60336
2025-06-13,2025,June,6,Q2,24,13,Friday,70.2699966430664,78.52999877929688,69.91999816894531,74.2300033569336,3.96,8.61,7.02,68.44,65.18,175031
2025-06-16,2025,June,6,Q2,25,16,Monday,76.80999755859375,78.4800033569336,70.63999938964844,73.2300033569336,-3.58,7.84,-1.35,69.57,65.58,100509
2025-06-17,2025,June,6,Q2,25,17,Tuesday,72.80999755859375,77.08000183105469,72.52999877929688,76.44999694824219,3.64,4.55,4.4,70.99,66.12,88748
2025-06-18,2025,June,6,Q2,25,18,Wednesday,77.19000244140625,77.43000030517578,74.44000244140625,76.69999694824219,-0.49,2.99,0.33,72.37,66.61,0
2025-06-20,2025,June,6,Q2,25,20,Friday,76.12000274658203,79.0199966430664,75.52999877929688,77.01000213623047,0.89,3.49,0.4,73.82,67.13,98821
2025-06-23,2025,June,6,Q2,26,23,Monday,80.01000213623047,81.4000015258789,69.54000091552734,71.4800033569336,-8.53,11.86,-7.18,74.07,67.42,100475
2025-06-24,2025,June,6,Q2,26,24,Tuesday,70.5999984741211,70.7300033569336,66.80999755859375,67.13999938964844,-3.46,3.92,-6.07,73.75,67.53,62358
2025-06-25,2025,June,6,Q2,26,25,Wednesday,67.91999816894531,68.76000213623047,67.31999969482422,67.68000030517578,-0.24,1.44,0.8,72.81,67.62,23618
2025-06-26,2025,June,6,Q2,26,26,Thursday,67.75,69.04000091552734,67.38999938964844,67.7300033569336,-0.02,1.65,0.07,72.03,67.66,13057
2025-06-27,2025,June,6,Q2,26,27,Friday,67.95999908447266,68.41000366210938,67.20999908447266,67.7699966430664,-0.19,1.2,0.06,70.79,67.71,8218
2025-06-30,2025,June,6,Q2,27,30,Monday,67.16999816894531,68.12000274658203,67.11000061035156,67.61000061035156,0.44,1.01,-0.24,69.49,67.82,32957
2025-07-01,2025,July,7,Q3,27,1,Tuesday,66.58999633789062,67.4800033569336,66.33999633789062,67.11000061035156,0.52,1.14,-0.74,68.07,67.87,29256
2025-07-02,2025,July,7,Q3,27,2,Wednesday,67.20999908447266,69.19999694824219,66.94000244140625,69.11000061035156,1.9,2.26,2.98,67.74,67.99,50268
2025-07-03,2025,July,7,Q3,27,3,Thursday,69.0199966430664,69.12999725341797,68.30999755859375,68.80000305175781,-0.22,0.82,-0.45,67.97,68.11,0
2025-07-04,2025,July,7,Q3,27,4,Friday,68.80999755859375,68.91000366210938,67.75,68.29000091552734,-0.52,1.16,-0.74,68.06,68.22,0
2025-07-07,2025,July,7,Q3,28,7,Monday,67.61000061035156,69.93000030517578,67.36000061035156,69.58000183105469,1.97,2.57,1.89,68.32,68.39,59456
2025-07-08,2025,July,7,Q3,28,8,Tuesday,69.54000091552734,70.66000366210938,69.05000305175781,70.1500015258789,0.61,1.61,0.82,68.66,68.57,34109
2025-07-09,2025,July,7,Q3,28,9,Wednesday,69.9000015258789,70.69999694824219,69.61000061035156,70.19000244140625,0.29,1.09,0.06,69.03,68.77,42186
2025-07-10,2025,July,7,Q3,28,10,Thursday,70.19000244140625,70.48999786376953,68.52999877929688,68.63999938964844,-1.55,1.96,-2.21,69.25,68.9,52295
2025-07-11,2025,July,7,Q3,28,11,Friday,68.98999786376953,70.69000244140625,68.55999755859375,70.36000061035156,1.37,2.13,2.51,69.43,69.1,40262
2025-07-14,2025,July,7,Q3,29,14,Monday,70.52999877929688,71.51000213623047,69.0199966430664,69.20999908447266,-1.32,2.49,-1.63,69.49,69.28,62179
2025-07-15,2025,July,7,Q3,29,15,Tuesday,69.0999984741211,69.4000015258789,68.55999755859375,68.70999908447266,-0.39,0.84,-0.72,69.55,69.42,51233
2025-07-16,2025,July,7,Q3,29,16,Wednesday,68.9000015258789,69.06999969482422,67.70999908447266,68.5199966430664,-0.38,1.36,-0.28,69.4,69.51,55511
2025-07-17,2025,July,7,Q3,29,17,Thursday,68.69000244140625,69.62000274658203,68.29000091552734,69.5199966430664,0.83,1.33,1.46,69.31,69.67,50817
2025-07-18,2025,July,7,Q3,29,18,Friday,69.55999755859375,70.77999877929688,69.13999938964844,69.27999877929688,-0.28,1.64,-0.35,69.18,69.8,52366
2025-07-21,2025,July,7,Q3,30,21,Monday,69.22000122070312,69.62000274658203,68.41999816894531,69.20999908447266,-0.01,1.2,-0.1,69.26,69.89,41204
2025-07-22,2025,July,7,Q3,30,22,Tuesday,69.02999877929688,69.0999984741211,68.11000061035156,68.58999633789062,-0.44,0.99,-0.9,69.01,69.94,50140
2025-07-23,2025,July,7,Q3,30,23,Wednesday,68.72000122070312,69.08000183105469,68.0,68.51000213623047,-0.21,1.08,-0.12,68.91,70.0,37734
2025-07-24,2025,July,7,Q3,30,24,Thursday,68.72000122070312,69.52999877929688,68.5,69.18000030517578,0.46,1.03,0.98,68.97,69.98,39597
2025-07-25,2025,July,7,Q3,30,25,Friday,69.26000213623047,69.88999938964844,68.30000305175781,68.44000244140625,-0.82,1.59,-1.07,68.96,69.95,27384
2025-07-28,2025,July,7,Q3,31,28,Monday,68.47000122070312,70.44999694824219,68.38999938964844,70.04000091552734,1.57,2.06,2.34,69.04,69.81,31485
2025-07-29,2025,July,7,Q3,31,29,Tuesday,70.38999938964844,73.06999969482422,69.88999938964844,72.51000213623047,2.12,3.18,3.53,69.5,69.78,24345
2025-07-30,2025,July,7,Q3,31,30,Wednesday,72.68000030517578,73.62999725341797,71.75,73.23999786376953,0.56,1.88,1.01,70.07,69.68,15242
2025-07-31,2025,July,7,Q3,31,31,Thursday,73.4000015258789,73.48999786376953,72.41999816894531,72.52999877929688,-0.87,1.07,-0.97,70.64,69.54,56020
2025-08-01,2025,August,8,Q3,31,1,Friday,71.7699966430664,71.98999786376953,69.41000366210938,69.66999816894531,-2.1,2.58,-3.94,70.8,69.29,68855
2025-08-04,2025,August,8,Q3,32,4,Monday,69.0,69.9800033569336,67.98999786376953,68.76000213623047,-0.24,1.99,-1.31,70.74,69.2,41788
2025-08-05,2025,August,8,Q3,32,5,Tuesday,68.75,68.8499984741211,67.52999877929688,67.63999938964844,-1.11,1.32,-1.63,70.63,69.22,47388
2025-08-06,2025,August,8,Q3,32,6,Wednesday,67.76000213623047,69.19000244140625,66.22000122070312,66.88999938964844,-0.87,2.97,-1.11,70.18,69.19,62159
2025-08-07,2025,August,8,Q3,32,7,Thursday,66.87999725341797,67.63999938964844,66.2699966430664,66.43000030517578,-0.45,1.37,-0.69,69.31,69.15,44063
2025-08-08,2025,August,8,Q3,32,8,Friday,66.37999725341797,67.19000244140625,65.5,66.58999633789062,0.21,1.69,0.24,68.36,69.11,52157
2025-08-11,2025,August,8,Q3,33,11,Monday,66.2300033569336,67.11000061035156,65.83000183105469,66.62999725341797,0.4,1.28,0.06,67.52,69.08,31132
2025-08-12,2025,August,8,Q3,33,12,Tuesday,66.72000122070312,67.04000091552734,65.97000122070312,66.12000274658203,-0.6,1.07,-0.77,67.01,69.04,33110
2025-08-13,2025,August,8,Q3,33,13,Wednesday,66.05000305175781,66.33000183105469,65.0,65.62999725341797,-0.42,1.33,-0.74,66.56,68.93,40497
2025-08-14,2025,August,8,Q3,33,14,Thursday,65.7699966430664,66.9800033569336,65.56999969482422,66.83999633789062,1.07,1.41,1.84,66.45,68.86,34810
2025-08-15,2025,August,8,Q3,33,15,Friday,66.80000305175781,67.08000183105469,65.7300033569336,65.8499984741211,-0.95,1.35,-1.48,66.3,68.78,35864
2025-08-18,2025,August,8,Q3,34,18,Monday,65.94999694824219,66.80999755859375,65.30999755859375,66.5999984741211,0.65,1.5,1.14,66.32,68.68,35004
2025-08-19,2025,August,8,Q3,34,19,Tuesday,66.55999755859375,66.58000183105469,65.5999984741211,65.79000091552734,-0.77,0.98,-1.22,66.21,68.54,32562
2025-08-20,2025,August,8,Q3,34,20,Wednesday,65.93000030517578,67.05000305175781,65.81999969482422,66.83999633789062,0.91,1.23,1.6,66.24,68.43,39505
2025-08-21,2025,August,8,Q3,34,21,Thursday,66.94999694824219,67.77999877929688,66.73999786376953,67.66999816894531,0.72,1.04,1.24,66.46,68.39,29950
2025-08-22,2025,August,8,Q3,34,22,Friday,67.62000274658203,68.0199966430664,67.41999816894531,67.7300033569336,0.11,0.6,0.09,66.76,68.31,27481
2025-08-25,2025,August,8,Q3,35,25,Monday,67.83999633789062,69.05999755859375,67.58000183105469,68.80000305175781,0.96,1.48,1.58,67.04,68.29,19094
2025-08-26,2025,August,8,Q3,35,26,Tuesday,68.7300033569336,68.7300033569336,67.11000061035156,67.22000122070312,-1.51,1.62,-2.3,67.24,68.24,21046
2025-08-27,2025,August,8,Q3,35,27,Wednesday,67.23999786376953,68.0999984741211,66.91999816894531,68.05000305175781,0.81,1.18,1.23,67.44,68.23,16597
2025-08-28,2025,August,8,Q3,35,28,Thursday,67.70999908447266,68.66000366210938,67.4000015258789,68.62000274658203,0.91,1.26,0.84,67.85,68.2,8829
2025-08-29,2025,August,8,Q3,35,29,Friday,68.26000213623047,68.36000061035156,68.02999877929688,68.12000274658203,-0.14,0.33,-0.73,68.03,68.16,0
2025-09-02,2025,September,9,Q3,36,2,Tuesday,67.43000030517578,69.51000213623047,67.08999633789062,69.13999938964844,1.71,2.42,1.5,68.24,68.16,55307
2025-09-03,2025,September,9,Q3,36,3,Wednesday,69.05999755859375,69.2300033569336,67.37999725341797,67.5999984741211,-1.46,1.85,-2.23,68.22,68.12,45108
2025-09-04,2025,September,9,Q3,36,4,Thursday,67.44000244140625,67.48999786376953,66.31999969482422,66.98999786376953,-0.45,1.17,-0.9,67.96,68.07,42152
2025-09-05,2025,September,9,Q3,36,5,Friday,66.83999633789062,67.05000305175781,65.08000183105469,65.5,-1.34,1.97,-2.22,67.72,67.95,38287
2025-09-08,2025,September,9,Q3,37,8,Monday,65.80999755859375,67.02999877929688,65.5199966430664,66.0199966430664,0.21,1.51,0.79,67.43,67.87,29078
2025-09-09,2025,September,9,Q3,37,9,Tuesday,66.16999816894531,67.38999938964844,66.13999938964844,66.38999938964844,0.22,1.25,0.56,67.11,67.75,38860
2025-09-10,2025,September,9,Q3,37,10,Wednesday,66.44000244140625,67.7699966430664,66.44000244140625,67.48999786376953,1.05,1.33,1.66,67.02,67.58,38789
2025-09-11,2025,September,9,Q3,37,11,Thursday,67.58000183105469,67.61000061035156,66.16000366210938,66.37000274658203,-1.21,1.45,-1.66,66.62,67.35,34565
2025-09-12,2025,September,9,Q3,37,12,Friday,66.30999755859375,68.1500015258789,65.72000122070312,66.98999786376953,0.68,2.43,0.93,66.54,67.17,50762
2025-09-15,2025,September,9,Q3,38,15,Monday,67.22000122070312,67.83999633789062,66.79000091552734,67.44000244140625,0.22,1.05,0.67,66.6,67.09,26320
2025-09-16,2025,September,9,Q3,38,16,Tuesday,67.48999786376953,68.69000244140625,67.0,68.47000122070312,0.98,1.69,1.53,67.02,67.08,34128
2025-09-17,2025,September,9,Q3,38,17,Wednesday,68.41000366210938,68.58999633789062,67.62000274658203,67.94999694824219,-0.46,0.97,-0.76,67.3,67.09,30515
2025-09-18,2025,September,9,Q3,38,18,Thursday,67.88999938964844,68.41000366210938,67.19000244140625,67.44000244140625,-0.45,1.22,-0.75,67.45,67.11,29610
2025-09-19,2025,September,9,Q3,38,19,Friday,67.45999908447266,67.55999755859375,66.43000030517578,66.68000030517578,-0.78,1.13,-1.13,67.33,67.12,24400
2025-09-22,2025,September,9,Q3,39,22,Monday,66.66999816894531,67.30000305175781,65.94000244140625,66.56999969482422,-0.1,1.36,-0.16,67.36,67.12,23634
2025-09-23,2025,September,9,Q3,39,23,Tuesday,66.58999633789062,68.08000183105469,66.12000274658203,67.62999725341797,1.04,1.96,1.59,67.45,67.15,27893
2025-09-24,2025,September,9,Q3,39,24,Wednesday,67.86000061035156,69.36000061035156,67.5199966430664,69.30999755859375,1.45,1.84,2.48,67.72,67.26,28459
2025-09-25,2025,September,9,Q3,39,25,Thursday,69.08999633789062,69.66999816894531,68.44000244140625,69.41999816894531,0.33,1.23,0.16,67.86,67.38,21388
2025-09-26,2025,September,9,Q3,39,26,Friday,69.69999694824219,70.7699966430664,69.11000061035156,70.12999725341797,0.43,1.66,1.02,68.17,67.49,11917
2025-09-29,2025,September,9,Q3,40,29,Monday,69.47000122070312,69.93000030517578,67.55000305175781,67.97000122070312,-1.5,2.38,-3.08,68.24,67.56,8229
2025-09-30,2025,September,9,Q3,40,30,Tuesday,67.58999633789062,67.58999633789062,66.91000366210938,67.0199966430664,-0.57,0.68,-1.4,68.29,67.58,46335
2025-10-01,2025,October,10,Q4,40,1,Wednesday,66.08999633789062,66.56999969482422,65.04000091552734,65.3499984741211,-0.74,1.53,-2.49,68.12,67.56,44601
2025-10-02,2025,October,10,Q4,40,2,Thursday,65.4000015258789,66.12000274658203,64.0,64.11000061035156,-1.29,2.12,-1.9,67.62,67.47,52074
2025-10-03,2025,October,10,Q4,40,3,Friday,64.30000305175781,65.0,64.20999908447266,64.52999877929688,0.23,0.79,0.66,66.93,67.37,38970
2025-10-06,2025,October,10,Q4,41,6,Monday,64.81999969482422,65.7699966430664,64.76000213623047,65.47000122070312,0.65,1.01,1.46,66.37,67.29,38055
2025-10-07,2025,October,10,Q4,41,7,Tuesday,65.54000091552734,65.83000183105469,64.5199966430664,65.44999694824219,-0.09,1.31,-0.03,65.7,67.18,36191
2025-10-08,2025,October,10,Q4,41,8,Wednesday,65.80999755859375,66.52999877929688,65.77999877929688,66.25,0.44,0.75,1.22,65.45,67.15,38630
2025-10-09,2025,October,10,Q4,41,9,Thursday,66.08999633789062,66.55999755859375,64.95999908447266,65.22000122070312,-0.87,1.6,-1.55,65.2,67.05,40845
2025-10-10,2025,October,10,Q4,41,10,Friday,65.16999816894531,65.3499984741211,62.130001068115234,62.72999954223633,-2.44,3.22,-3.82,64.82,66.86,54929
2025-10-13,2025,October,10,Q4,42,13,Monday,62.66999816894531,63.95000076293945,62.66999816894531,63.31999969482422,0.65,1.28,0.94,64.71,66.7,35368
2025-10-14,2025,October,10,Q4,42,14,Tuesday,63.43999862670898,63.619998931884766,61.5,62.38999938964844,-1.05,2.12,-1.47,64.4,66.47,44016
2025-10-15,2025,October,10,Q4,42,15,Wednesday,62.27999877929688,63.02000045776367,61.790000915527344,61.90999984741211,-0.37,1.23,-0.77,63.9,66.28,40209
2025-10-16,2025,October,10,Q4,42,16,Thursday,62.43999862670898,62.75,60.84000015258789,61.060001373291016,-1.38,1.91,-1.37,63.27,66.09,46229
2025-10-17,2025,October,10,Q4,42,17,Friday,61.11000061035156,61.45000076293945,60.150001525878906,61.290000915527344,0.18,1.3,0.38,62.56,65.95,50372
2025-10-20,2025,October,10,Q4,43,20,Monday,61.43000030517578,61.54999923706055,60.06999969482422,61.0099983215332,-0.42,1.48,-0.46,61.96,65.78,33883
2025-10-21,2025,October,10,Q4,43,21,Tuesday,60.90999984741211,62.09000015258789,60.34000015258789,61.31999969482422,0.41,1.75,0.51,61.76,65.61,45150
2025-10-22,2025,October,10,Q4,43,22,Wednesday,61.619998931884766,63.91999816894531,61.400001525878906,62.59000015258789,0.97,2.52,2.07,61.65,65.45,46114
2025-10-23,2025,October,10,Q4,43,23,Thursday,64.25,66.33999633789062,63.84999847412109,65.98999786376953,1.74,2.49,5.43,62.17,65.43,87705
2025-10-24,2025,October,10,Q4,43,24,Friday,65.87000274658203,66.7699966430664,65.44000244140625,65.94000244140625,0.07,1.33,-0.08,62.74,65.4,38354
2025-10-27,2025,October,10,Q4,44,27,Monday,66.26000213623047,66.5999984741211,65.08000183105469,65.62000274658203,-0.64,1.52,-0.49,63.39,65.34,32237
2025-10-28,2025,October,10,Q4,44,28,Tuesday,65.79000091552734,65.79000091552734,64.0,64.4000015258789,-1.39,1.79,-1.86,63.84,65.2,33807
2025-10-29,2025,October,10,Q4,44,29,Wednesday,64.48999786376953,65.37999725341797,63.93000030517578,64.91999816894531,0.43,1.45,0.81,64.4,65.1,16478
2025-10-30,2025,October,10,Q4,44,30,Thursday,64.8499984741211,65.16000366210938,64.05999755859375,65.0,0.15,1.1,0.12,64.92,65.02,10024
2025-10-31,2025,October,10,Q4,44,31,Friday,64.75,65.5,64.5199966430664,65.06999969482422,0.32,0.98,0.11,65.28,64.97,44972
2025-11-03,2025,November,11,Q4,45,3,Monday,65.06999969482422,65.30999755859375,64.33000183105469,64.88999938964844,-0.18,0.98,-0.28,65.12,64.91,0
2025-11-04,2025,November,11,Q4,45,4,Tuesday,64.81999969482422,64.83999633789062,63.83000183105469,64.44000244140625,-0.38,1.01,-0.69,64.91,64.8,36655
2025-11-05,2025,November,11,Q4,45,5,Wednesday,64.26000213623047,64.94000244140625,63.43000030517578,63.52000045776367,-0.74,1.51,-1.43,64.61,64.61,42320
2025-11-06,2025,November,11,Q4,45,6,Thursday,63.58000183105469,64.33000183105469,62.83000183105469,63.380001068115234,-0.2,1.5,-0.22,64.46,64.41,43138
2025-11-07,2025,November,11,Q4,45,7,Friday,63.63999938964844,64.37999725341797,63.2400016784668,63.630001068115234,-0.01,1.14,0.39,64.28,64.19,36620
2025-11-10,2025,November,11,Q4,46,10,Monday,63.68999862670898,64.30999755859375,63.33000183105469,64.05999755859375,0.37,0.98,0.68,64.14,64.06,30891
2025-11-11,2025,November,11,Q4,46,11,Tuesday,63.970001220703125,65.29000091552734,63.61000061035156,65.16000366210938,1.19,1.68,1.72,64.15,64.0,41959
2025-11-12,2025,November,11,Q4,46,12,Wednesday,65.20999908447266,65.20999908447266,62.560001373291016,62.709999084472656,-2.5,2.65,-3.76,63.84,63.91,42279
2025-11-13,2025,November,11,Q4,46,13,Thursday,62.66999816894531,63.43999862670898,62.34000015258789,63.0099983215332,0.34,1.1,0.48,63.64,63.88,36603
2025-11-14,2025,November,11,Q4,46,14,Friday,63.04999923706055,64.8499984741211,63.04999923706055,64.38999938964844,1.34,1.8,2.19,63.76,63.87,58912
2025-11-17,2025,November,11,Q4,47,17,Monday,64.0199966430664,64.72000122070312,63.65999984741211,64.19999694824219,0.18,1.06,-0.3,63.88,63.83,33667
2025-11-18,2025,November,11,Q4,47,18,Tuesday,64.0,65.08000183105469,63.61000061035156,64.88999938964844,0.89,1.47,1.07,64.06,63.81,36791
2025-11-19,2025,November,11,Q4,47,19,Wednesday,64.7300033569336,64.86000061035156,62.869998931884766,63.5099983215332,-1.22,1.99,-2.13,63.98,63.72,38776
2025-11-20,2025,November,11,Q4,47,20,Thursday,63.59000015258789,64.38999938964844,62.95000076293945,63.380001068115234,-0.21,1.44,-0.2,63.73,63.66,42345
2025-11-21,2025,November,11,Q4,47,21,Friday,63.130001068115234,63.13999938964844,61.869998931884766,62.560001373291016,-0.57,1.27,-1.29,63.71,63.65,43029
2025-11-24,2025,November,11,Q4,48,24,Monday,62.560001373291016,63.52999877929688,61.93000030517578,63.369998931884766,0.81,1.6,1.29,63.76,63.65,30888
2025-11-25,2025,November,11,Q4,48,25,Tuesday,63.40999984741211,63.40999984741211,61.61000061035156,62.47999954223633,-0.93,1.8,-1.4,63.48,63.66,26580
2025-11-26,2025,November,11,Q4,48,26,Wednesday,62.59999847412109,63.20000076293945,62.119998931884766,63.130001068115234,0.53,1.08,1.04,63.33,63.7,21288
2025-11-28,2025,November,11,Q4,48,28,Friday,63.0099983215332,63.459999084472656,62.810001373291016,63.20000076293945,0.19,0.65,0.11,63.09,63.77,31795
2025-12-01,2025,December,12,Q4,49,1,Monday,62.68999862670898,63.810001373291016,62.68999862670898,63.16999816894531,0.48,1.12,-0.05,63.04,63.83,31203
2025-12-02,2025,December,12,Q4,49,2,Tuesday,63.29999923706055,63.43000030517578,62.16999816894531,62.45000076293945,-0.85,1.26,-1.14,62.91,63.88,39539
2025-12-03,2025,December,12,Q4,49,3,Wednesday,62.43000030517578,63.34999847412109,62.16999816894531,62.66999816894531,0.24,1.18,0.35,62.92,63.92,40622
2025-12-04,2025,December,12,Q4,49,4,Thursday,62.7599983215332,63.61000061035156,62.52999877929688,63.2599983215332,0.5,1.08,0.94,62.91,63.95,32164
2025-12-05,2025,December,12,Q4,49,5,Friday,63.29999923706055,64.08000183105469,63.06999969482422,63.75,0.45,1.01,0.77,63.09,63.87,26349
2025-12-08,2025,December,12,Q4,50,8,Monday,63.900001525878906,63.959999084472656,62.34999847412109,62.4900016784668,-1.41,1.61,-1.98,63.0,63.76,38815
2025-12-09,2025,December,12,Q4,50,9,Tuesday,62.5,62.77999877929688,61.83000183105469,61.93999862670898,-0.56,0.95,-0.88,62.82,63.63,32575
2025-12-10,2025,December,12,Q4,50,10,Wednesday,62.13999938964844,62.72999954223633,61.34999847412109,62.209999084472656,0.07,1.38,0.44,62.68,63.56,45191
2025-12-11,2025,December,12,Q4,50,11,Thursday,62.619998931884766,62.619998931884766,60.75,61.27999877929688,-1.34,1.87,-1.49,62.51,63.44,48635
2025-12-12,2025,December,12,Q4,50,12,Friday,61.59999847412109,61.84999847412109,60.810001373291016,61.119998931884766,-0.48,1.04,-0.26,62.29,63.31,42931
2025-12-15,2025,December,12,Q4,51,15,Monday,61.15999984741211,61.5,60.130001068115234,60.560001373291016,-0.6,1.37,-0.92,61.91,63.16,42976
2025-12-16,2025,December,12,Q4,51,16,Tuesday,60.33000183105469,60.40999984741211,58.720001220703125,58.91999816894531,-1.41,1.69,-2.71,61.22,62.96,48212
2025-12-17,2025,December,12,Q4,51,17,Wednesday,58.93999862670898,60.65999984741211,58.90999984741211,59.68000030517578,0.74,1.75,1.29,60.82,62.8,50078
2025-12-18,2025,December,12,Q4,51,18,Thursday,60.63999938964844,60.720001220703125,59.54999923706055,59.81999969482422,-0.82,1.17,0.23,60.51,62.68,31064
2025-12-19,2025,December,12,Q4,51,19,Friday,59.77000045776367,60.63999938964844,59.40999984741211,60.470001220703125,0.7,1.23,1.09,60.26,62.58,36104
2025-12-22,2025,December,12,Q4,52,22,Monday,60.56999969482422,62.15999984741211,60.560001373291016,62.06999969482422,1.5,1.6,2.65,60.38,62.53,35138
2025-12-23,2025,December,12,Q4,52,23,Tuesday,61.9900016784668,62.54999923706055,61.72999954223633,62.380001068115234,0.39,0.82,0.5,60.56,62.47,26231
2025-12-24,2025,December,12,Q4,52,24,Wednesday,62.43000030517578,62.720001220703125,62.02000045776367,62.2400016784668,-0.19,0.7,-0.22,60.8,62.38,14966
2025-12-26,2025,December,12,Q4,52,26,Friday,62.34999847412109,62.68999862670898,60.59000015258789,60.63999938964844,-1.71,2.1,-2.57,61.04,62.31,9687
2025-12-29,2025,December,12,Q4,1,29,Monday,61.040000915527344,62.150001525878906,60.95000076293945,61.93999862670898,0.9,1.2,2.14,61.37,62.27,9170
2025-12-30,2025,December,12,Q4,1,30,Tuesday,61.70000076293945,62.33000183105469,61.5099983215332,61.91999816894531,0.22,0.82,-0.03,61.67,62.19,30567
2025-12-31,2025,December,12,Q4,1,31,Wednesday,61.27000045776367,61.90999984741211,60.619998931884766,60.84999847412109,-0.42,1.29,-1.73,61.72,62.08,30919
2026-01-02,2026,January,1,Q1,1,2,Friday,60.91999816894531,61.36000061035156,60.0,60.75,-0.17,1.36,-0.16,61.53,61.94,33381
2026-01-05,2026,January,1,Q1,2,5,Monday,60.88999938964844,61.880001068115234,59.7599983215332,61.7599983215332,0.87,2.12,1.66,61.44,61.88,45681
2026-01-06,2026,January,1,Q1,2,6,Tuesday,61.790000915527344,62.31999969482422,60.400001525878906,60.70000076293945,-1.09,1.92,-1.72,61.22,61.79,48263
2026-01-07,2026,January,1,Q1,2,7,Wednesday,60.61000061035156,60.90999984741211,59.45000076293945,59.959999084472656,-0.65,1.46,-1.22,61.13,61.71,71788
2026-01-08,2026,January,1,Q1,2,8,Thursday,60.34999847412109,63.0099983215332,59.95000076293945,61.9900016784668,1.64,3.06,3.39,61.13,61.66,64136
2026-01-09,2026,January,1,Q1,2,9,Friday,62.66999816894531,63.90999984741211,61.84000015258789,63.34000015258789,0.67,2.07,2.18,61.34,61.69,56568
2026-01-12,2026,January,1,Q1,3,12,Monday,63.40999984741211,64.27999877929688,62.7599983215332,63.869998931884766,0.46,1.52,0.84,61.77,61.71,56900
2026-01-13,2026,January,1,Q1,3,13,Tuesday,64.16999816894531,65.91000366210938,63.84999847412109,65.47000122070312,1.3,2.06,2.51,62.44,61.79,80180
2026-01-14,2026,January,1,Q1,3,14,Wednesday,65.44000244140625,66.80999755859375,63.470001220703125,66.5199966430664,1.08,3.34,1.6,63.12,61.9,96568
2026-01-15,2026,January,1,Q1,3,15,Thursday,65.69000244140625,65.69000244140625,63.27999877929688,63.7599983215332,-1.93,2.41,-4.15,63.56,61.94,54944
2026-01-16,2026,January,1,Q1,3,16,Friday,63.79999923706055,64.7699966430664,63.45000076293945,64.12999725341797,0.33,1.32,0.58,64.15,61.99,35235
2026-01-20,2026,January,1,Q1,4,20,Tuesday,63.560001373291016,65.12000274658203,63.2599983215332,64.91999816894531,1.36,1.86,1.23,64.57,62.05,78657
2026-01-21,2026,January,1,Q1,4,21,Wednesday,64.01000213623047,65.41000366210938,63.630001068115234,65.23999786376953,1.23,1.78,0.49,64.84,62.1,52906
2026-01-22,2026,January,1,Q1,4,22,Thursday,65.13999938964844,65.37000274658203,63.560001373291016,64.05999755859375,-1.08,1.81,-1.81,64.87,62.15,49453
2026-01-23,2026,January,1,Q1,4,23,Friday,64.27999877929688,66.20999908447266,64.23999786376953,65.87999725341797,1.6,1.97,2.84,64.93,62.28,34015
2026-01-26,2026,January,1,Q1,5,26,Monday,66.06999969482422,66.51000213623047,65.27999877929688,65.58999633789062,-0.48,1.23,-0.44,64.8,62.39,25795
2026-01-27,2026,January,1,Q1,5,27,Tuesday,65.7300033569336,67.77999877929688,65.0,67.56999969482422,1.84,2.78,3.02,65.34,62.6,34327
2026-01-28,2026,January,1,Q1,5,28,Wednesday,67.7699966430664,68.69999694824219,67.12999725341797,68.4000015258789,0.63,1.57,1.23,65.95,62.85,23555
2026-01-29,2026,January,1,Q1,5,29,Thursday,68.66999816894531,71.87999725341797,68.61000061035156,70.70999908447266,2.04,3.27,3.38,66.78,63.18,26980
2026-01-30,2026,January,1,Q1,5,30,Friday,70.16000366210938,70.91999816894531,69.11000061035156,70.69000244140625,0.53,1.81,-0.03,67.56,63.58,85305
2026-02-02,2026,February,2,Q1,6,2,Monday,68.72000122070312,68.80999755859375,65.45999908447266,66.30000305175781,-2.42,3.35,-6.21,67.88,63.8,80104
2026-02-03,2026,February,2,Q1,6,3,Tuesday,66.30000305175781,68.2699966430664,65.19000244140625,67.33000183105469,1.03,3.08,1.55,68.08,64.05,83736
2026-02-04,2026,February,2,Q1,6,4,Wednesday,67.94000244140625,69.75,66.98999786376953,69.45999908447266,1.52,2.76,3.16,68.64,64.35,98236
2026-02-05,2026,February,2,Q1,6,5,Thursday,68.83000183105469,68.94000244140625,66.91999816894531,67.55000305175781,-1.28,2.02,-2.75,68.63,64.53,65248
2026-02-06,2026,February,2,Q1,6,6,Friday,67.41000366210938,68.81999969482422,66.58000183105469,68.05000305175781,0.64,2.24,0.74,68.58,64.72,79538
2026-02-09,2026,February,2,Q1,7,9,Monday,67.51000213623047,69.44000244140625,67.02999877929688,69.04000091552734,1.53,2.41,1.45,68.35,64.95,51346
2026-02-10,2026,February,2,Q1,7,10,Tuesday,69.1500015258789,69.5,68.48999786376953,68.80000305175781,-0.35,1.01,-0.35,68.08,65.22,45779
2026-02-11,2026,February,2,Q1,7,11,Wednesday,69.11000061035156,70.72000122070312,69.01000213623047,69.4000015258789,0.29,1.71,0.87,68.52,65.47,49482
2026-02-12,2026,February,2,Q1,7,12,Thursday,69.63999938964844,69.83999633789062,67.08999633789062,67.5199966430664,-2.12,2.75,-2.71,68.55,65.65,48058
2026-02-13,2026,February,2,Q1,7,13,Friday,67.58999633789062,68.05000305175781,66.88999938964844,67.75,0.16,1.16,0.34,68.3,65.88,42167
2026-02-17,2026,February,2,Q1,8,17,Tuesday,68.05999755859375,69.02999877929688,66.83000183105469,67.41999816894531,-0.64,2.2,-0.49,68.28,66.11,74745
2026-02-18,2026,February,2,Q1,8,18,Wednesday,67.51000213623047,70.68000030517578,67.33999633789062,70.3499984741211,2.84,3.34,4.35,68.61,66.39,56115
2026-02-19,2026,February,2,Q1,8,19,Thursday,70.05000305175781,72.12999725341797,70.05000305175781,71.66000366210938,1.61,2.08,1.86,68.99,66.76,73081
2026-02-20,2026,February,2,Q1,8,20,Friday,71.73999786376953,72.31999969482422,71.08000183105469,71.76000213623047,0.02,1.24,0.14,69.41,67.15,40579
2026-02-23,2026,February,2,Q1,9,23,Monday,71.23999786376953,72.4800033569336,70.73999786376953,71.48999786376953,0.25,1.74,-0.38,69.71,67.47,28933
2026-02-24,2026,February,2,Q1,9,24,Tuesday,71.47000122070312,72.23999786376953,70.70999908447266,70.7699966430664,-0.7,1.53,-1.01,70.17,67.72,37988
2026-02-25,2026,February,2,Q1,9,25,Wednesday,71.22000122070312,71.76000213623047,70.44999694824219,70.8499984741211,-0.37,1.31,0.11,70.61,67.95,18491
2026-02-26,2026,February,2,Q1,9,26,Thursday,71.11000061035156,72.58999633789062,69.31999969482422,70.75,-0.36,3.27,-0.14,71.09,68.12,17725
2026-02-27,2026,February,2,Q1,9,27,Friday,70.5,72.98999786376953,70.44000244140625,72.4800033569336,1.98,2.55,2.45,71.39,68.32,79435
2026-03-02,2026,March,3,Q1,10,2,Monday,77.0,82.11000061035156,75.79000091552734,77.73999786376953,0.74,6.32,7.26,72.26,68.79,143671
2026-03-03,2026,March,3,Q1,10,3,Tuesday,78.05000305175781,85.05000305175781,77.37000274658203,81.4000015258789,3.35,7.68,4.71,73.64,69.36,229556
2026-03-04,2026,March,3,Q1,10,4,Wednesday,81.9000015258789,84.44999694824219,80.30000305175781,81.4000015258789,-0.5,4.15,0.0,75.06,69.91,152390
2026-03-05,2026,March,3,Q1,10,5,Thursday,82.43000030517578,86.27999877929688,81.5199966430664,85.41000366210938,2.98,4.76,4.93,77.15,70.59,146018
2026-03-06,2026,March,3,Q1,10,6,Friday,84.83999633789062,94.5500030517578,83.16999816894531,92.69000244140624,7.85,11.38,8.52,80.27,71.54,197523
2026-03-09,2026,March,3,Q1,11,9,Monday,98.36000061035156,119.4000015258789,83.87999725341797,98.95999908447266,0.6,35.52,6.76,84.3,72.64,235965
2026-03-10,2026,March,3,Q1,11,10,Tuesday,92.4499969482422,95.08000183105467,81.16000366210938,87.80000305175781,-4.65,13.92,-11.28,86.49,73.38,144614
2026-03-11,2026,March,3,Q1,11,11,Wednesday,91.3000030517578,93.25,86.31999969482422,91.9800033569336,0.68,6.93,4.76,88.52,74.2,101940
2026-03-12,2026,March,3,Q1,11,12,Thursday,93.73999786376952,101.8000030517578,93.6999969482422,100.45999908447266,6.72,8.1,9.22,91.24,75.27,92219
2026-03-13,2026,March,3,Q1,11,13,Friday,101.66000366210938,103.9000015258789,97.5500030517578,103.13999938964844,1.48,6.35,2.67,94.35,76.35,71698
2026-03-16,2026,March,3,Q1,12,16,Monday,105.51000213623048,106.51000213623048,99.55999755859376,100.20999908447266,-5.3,6.95,-2.84,96.46,77.33,77839
2026-03-17,2026,March,3,Q1,12,17,Tuesday,101.37000274658205,104.9800033569336,100.76000213623048,103.41999816894533,2.05,4.22,3.2,98.0,78.57,65199
2026-03-18,2026,March,3,Q1,12,18,Wednesday,103.4499969482422,111.86000061035156,100.33999633789062,107.37999725341795,3.93,11.52,3.83,99.2,79.9,73104
2026-03-19,2026,March,3,Q1,12,19,Thursday,109.66000366210938,119.12000274658205,103.75,108.6500015258789,-1.01,15.37,1.18,102.18,81.21,87485
2026-03-20,2026,March,3,Q1,12,20,Friday,107.66999816894533,113.11000061035156,105.0999984741211,112.19000244140624,4.52,8.01,3.26,105.06,82.7,57217
2026-03-23,2026,March,3,Q1,13,23,Monday,114.9000015258789,115.0999984741211,96.25,99.94000244140624,-14.96,18.85,-10.92,104.99,83.76,113332
2026-03-24,2026,March,3,Q1,13,24,Tuesday,100.5,105.04000091552734,98.08999633789062,104.48999786376952,3.99,6.95,4.55,105.18,84.94,68614
2026-03-25,2026,March,3,Q1,13,25,Wednesday,99.98999786376952,103.4000015258789,97.1500015258789,102.22000122070312,2.23,6.25,-2.17,105.47,86.06,53714
2026-03-26,2026,March,3,Q1,13,26,Thursday,103.08000183105467,109.05999755859376,102.77999877929688,108.01000213623048,4.93,6.28,5.66,106.13,87.34,28970
2026-03-27,2026,March,3,Q1,13,27,Friday,106.22000122070312,114.80999755859376,105.25,112.56999969482422,6.35,9.56,4.22,106.87,88.84,18402
2026-03-30,2026,March,3,Q1,14,30,Monday,116.13999938964844,116.87000274658205,111.5,112.77999877929688,-3.36,5.37,0.19,107.46,90.35,15053
2026-03-31,2026,March,3,Q1,14,31,Tuesday,114.7300033569336,119.2699966430664,111.0,118.3499984741211,3.62,8.27,4.94,108.34,92.04,69949
2026-04-01,2026,April,4,Q2,14,1,Wednesday,103.9000015258789,105.9000015258789,98.45999908447266,101.16000366210938,-2.74,7.44,-14.52,108.51,93.07,61629
2026-04-02,2026,April,4,Q2,14,2,Thursday,100.3000030517578,109.70999908447266,99.0199966430664,109.02999877929688,8.73,10.69,7.78,109.16,94.32,0
2026-04-06,2026,April,4,Q2,15,6,Monday,109.1999969482422,111.87000274658205,106.8499984741211,109.7699966430664,0.57,5.02,0.68,110.24,95.58,27863
2026-04-07,2026,April,4,Q2,15,7,Tuesday,109.58999633789062,111.8000030517578,104.56999969482422,109.2699966430664,-0.32,7.23,-0.46,110.42,96.84,65194
2026-04-08,2026,April,4,Q2,15,8,Wednesday,103.4000015258789,104.0,90.01000213623047,94.75,-8.65,13.99,-13.29,107.87,97.64,82140
2026-04-09,2026,April,4,Q2,15,9,Thursday,96.52999877929688,99.5199966430664,94.33999633789062,95.91999816894533,-0.61,5.18,1.23,105.46,98.48,54501
2026-04-10,2026,April,4,Q2,15,10,Friday,96.37999725341795,98.25,94.23999786376952,95.1999969482422,-1.18,4.01,-0.75,102.16,99.29,35012
2026-04-13,2026,April,4,Q2,16,13,Monday,99.70999908447266,103.86000061035156,97.63999938964844,99.36000061035156,-0.35,6.22,4.37,101.9,100.19,50559
2026-04-14,2026,April,4,Q2,16,14,Tuesday,98.41999816894533,99.41000366210938,94.43000030517578,94.79000091552734,-3.63,4.98,-4.6,99.87,100.76,40991
2026-04-15,2026,April,4,Q2,16,15,Wednesday,95.5199966430664,96.88999938964844,91.0,94.93000030517578,-0.59,5.89,0.15,97.75,101.21,41928
2026-04-16,2026,April,4,Q2,16,16,Thursday,94.91000366210938,99.83999633789062,94.41999816894533,99.38999938964844,4.48,5.42,4.7,96.33,101.81,36540
2026-04-17,2026,April,4,Q2,16,17,Friday,98.25,98.97000122070312,86.08000183105469,90.37999725341795,-7.87,12.89,-9.07,95.71,101.97,85233
2026-04-20,2026,April,4,Q2,17,20,Monday,96.20999908447266,97.80999755859376,92.7699966430664,95.4800033569336,-0.73,5.04,5.64,95.65,102.07,46389
2026-04-21,2026,April,4,Q2,17,21,Tuesday,93.98999786376952,101.1500015258789,93.87000274658205,98.4800033569336,4.49,7.28,3.14,96.12,102.05,50039
2026-04-22,2026,April,4,Q2,17,22,Wednesday,98.9000015258789,102.30999755859376,96.54000091552734,101.91000366210938,3.01,5.77,3.48,96.48,102.52,39837
2026-04-23,2026,April,4,Q2,17,23,Thursday,101.58000183105467,107.36000061035156,101.27999877929688,105.06999969482422,3.49,6.08,3.1,97.95,102.96,54489
2026-04-24,2026,April,4,Q2,17,24,Friday,106.27999877929688,107.45999908447266,103.4000015258789,105.33000183105467,-0.95,4.06,0.25,99.43,103.12,52646
2026-04-27,2026,April,4,Q2,18,27,Monday,106.5,109.79000091552734,105.8499984741211,108.2300033569336,1.73,3.94,2.75,100.7,103.29,29439
2026-04-28,2026,April,4,Q2,18,28,Tuesday,108.3000030517578,112.69000244140624,107.91999816894533,111.26000213623048,2.96,4.77,2.8,103.68,103.66,23451
2026-04-29,2026,April,4,Q2,18,29,Wednesday,111.01000213623048,120.3000030517578,110.20999908447266,118.02999877929688,7.02,10.09,6.08,106.9,104.14,18031
2026-04-30,2026,April,4,Q2,18,30,Thursday,119.9800033569336,126.0999984741211,113.0,114.01000213623048,-5.97,13.1,-3.41,109.12,104.37,58572
2026-05-01,2026,May,5,Q2,18,1,Friday,111.01000213623048,112.43000030517578,106.2699966430664,108.16999816894533,-2.84,6.16,-5.12,110.01,104.35,40576
2026-05-04,2026,May,5,Q2,19,4,Monday,107.12999725341795,115.25,105.66000366210938,114.44000244140624,7.31,9.59,5.8,111.35,104.42,67567
2026-05-05,2026,May,5,Q2,19,5,Tuesday,113.81999969482422,114.4499969482422,109.5999984741211,109.87000274658205,-3.95,4.85,-3.99,112.0,104.76,39713
2026-05-06,2026,May,5,Q2,19,6,Wednesday,110.4499969482422,110.4499969482422,96.7300033569336,101.2699966430664,-9.18,13.72,-7.83,111.01,104.65,61814
2026-05-07,2026,May,5,Q2,19,7,Thursday,101.52999877929688,103.41000366210938,96.06999969482422,100.05999755859376,-1.47,7.34,-1.19,109.41,104.58,62847
2026-05-08,2026,May,5,Q2,19,8,Friday,103.55999755859376,103.95999908447266,99.54000091552734,101.29000091552734,-2.27,4.42,1.23,107.02,104.35,34316
2026-05-11,2026,May,5,Q2,20,11,Monday,104.0,106.0,102.81999969482422,104.20999908447266,0.21,3.18,2.88,105.62,104.07,35359
2026-05-12,2026,May,5,Q2,20,12,Tuesday,104.5,108.41999816894533,104.11000061035156,107.7699966430664,3.27,4.31,3.42,105.56,103.91,30738
2026-05-13,2026,May,5,Q2,20,13,Wednesday,107.73999786376952,108.30999755859376,105.30999755859376,105.62999725341795,-2.11,3.0,-1.99,104.3,103.48,27718
2026-05-14,2026,May,5,Q2,20,14,Thursday,105.63999938964844,107.08000183105467,103.86000061035156,105.72000122070312,0.08,3.22,0.09,103.71,103.63,27529
2026-05-15,2026,May,5,Q2,20,15,Friday,106.56999969482422,109.7300033569336,106.0500030517578,109.26000213623048,2.69,3.68,3.35,104.85,103.64,26518
2026-05-18,2026,May,5,Q2,21,18,Monday,109.61000061035156,112.69000244140624,106.87000274658205,112.0999984741211,2.49,5.82,2.6,106.57,103.72,46404
2026-05-19,2026,May,5,Q2,21,19,Tuesday,109.5500030517578,111.79000091552734,108.9000015258789,111.27999877929688,1.73,2.89,-0.73,108.0,103.79,29390
2026-05-20,2026,May,5,Q2,21,20,Wednesday,111.20999908447266,111.5,103.27999877929688,105.0199966430664,-6.19,8.22,-5.63,108.11,104.13,53332
2026-05-21,2026,May,5,Q2,21,21,Thursday,105.20999908447266,109.30999755859376,102.16000366210938,102.58000183105467,-2.63,7.15,-2.32,107.37,104.35,51232
2026-05-22,2026,May,5,Q2,21,22,Friday,104.5199966430664,106.3499984741211,101.37999725341795,103.54000091552734,-0.98,4.97,0.94,107.07,104.63,35039
2026-05-26,2026,May,5,Q2,22,26,Tuesday,100.5500030517578,100.75,95.93000030517578,99.58000183105467,-0.97,4.82,-3.82,106.19,104.64,37926
2026-05-27,2026,May,5,Q2,22,27,Wednesday,99.4000015258789,99.86000061035156,94.1500015258789,94.29000091552734,-5.11,5.71,-5.31,104.06,104.62,20553
2026-05-28,2026,May,5,Q2,22,28,Thursday,94.97000122070312,98.16000366210938,92.55999755859376,93.70999908447266,-1.26,5.6,-0.62,101.43,104.58,9881
2026-05-29,2026,May,5,Q2,22,29,Friday,93.37000274658205,94.01000213623048,91.45999908447266,92.0500030517578,-1.32,2.55,-1.77,98.68,104.33,39308
2026-06-01,2026,June,6,Q2,23,1,Monday,92.41000366210938,97.8000030517578,92.37000274658205,94.9800033569336,2.57,5.43,3.18,97.25,104.49,57796
2026-06-02,2026,June,6,Q2,23,2,Tuesday,95.4000015258789,96.26000213623048,92.81999969482422,96.0,0.6,3.44,1.07,96.31,104.5,40210
2026-06-03,2026,June,6,Q2,23,3,Wednesday,96.06999969482422,99.0,96.04000091552734,97.80999755859376,1.74,2.96,1.89,95.49,104.48,40867
2026-06-04,2026,June,6,Q2,23,4,Thursday,97.43000030517578,97.56999969482422,93.91999816894533,95.02999877929688,-2.4,3.65,-2.84,94.84,104.25,34844
2026-06-05,2026,June,6,Q2,23,5,Friday,95.06999969482422,95.9000015258789,92.68000030517578,93.08999633789062,-1.98,3.22,-2.04,94.67,103.85,36817
2026-06-08,2026,June,6,Q2,24,8,Monday,95.5,98.0500030517578,93.66999816894533,94.25,-1.25,4.38,1.25,94.74,103.48,36849
2026-06-09,2026,June,6,Q2,24,9,Tuesday,94.33999633789062,94.5199966430664,89.58999633789062,91.4499969482422,-2.89,4.93,-2.97,94.66,102.92,42857
2026-06-10,2026,June,6,Q2,24,10,Wednesday,92.26000213623048,94.7300033569336,90.79000091552734,93.0999984741211,0.84,3.94,1.8,94.39,102.32,39760
2026-06-11,2026,June,6,Q2,24,11,Thursday,94.87999725341795,96.36000061035156,88.4000015258789,90.37999725341795,-4.5,7.96,-2.92,93.59,101.4,46406
2026-06-12,2026,June,6,Q2,24,12,Friday,89.2300033569336,89.87000274658203,85.80000305175781,87.33000183105469,-1.9,4.07,-3.37,92.09,100.51,34732
2026-06-15,2026,June,6,Q2,25,15,Monday,85.0199966430664,85.29000091552734,82.4000015258789,83.16999816894531,-1.85,2.89,-4.76,90.4,99.68,28907
2026-06-16,2026,June,6,Q2,25,16,Tuesday,83.55000305175781,83.80000305175781,78.44999694824219,78.95999908447266,-4.59,5.35,-5.06,88.38,98.49,30801
2026-06-17,2026,June,6,Q2,25,17,Wednesday,79.19999694824219,82.9800033569336,77.7699966430664,79.55000305175781,0.35,5.21,0.75,86.28,97.48,25919
2026-06-18,2026,June,6,Q2,25,18,Thursday,78.3499984741211,80.04000091552734,76.58000183105469,79.8499984741211,1.5,3.46,0.38,84.62,96.77,31186
2026-06-22,2026,June,6,Q2,26,22,Monday,82.20999908447266,82.37999725341797,77.2699966430664,77.9000015258789,-4.31,5.11,-2.44,82.45,96.03,46574
2026-06-23,2026,June,6,Q2,26,23,Tuesday,78.05999755859375,78.33999633789062,76.44000244140625,77.08000183105469,-0.98,1.9,-1.05,80.55,95.22,22797
2026-06-24,2026,June,6,Q2,26,24,Wednesday,77.0,77.0,73.08000183105469,73.73999786376953,-3.26,3.92,-4.33,78.61,94.21,32834
2026-06-25,2026,June,6,Q2,26,25,Thursday,73.0999984741211,75.83999633789062,72.08000183105469,75.26000213623047,2.16,3.76,2.06,77.48,93.12,27477
2026-06-26,2026,June,6,Q2,26,26,Friday,74.94000244140625,75.12000274658203,71.4000015258789,71.98999786376953,-2.95,3.72,-4.34,76.48,92.0,19425
2026-06-29,2026,June,6,Q2,27,29,Monday,73.16999816894531,73.4800033569336,71.87000274658203,73.1500015258789,-0.02,1.61,1.61,75.57,90.92,8613
2026-06-30,2026,June,6,Q2,27,30,Tuesday,72.69999694824219,73.52999877929688,72.12000274658203,72.91999816894531,0.22,1.41,-0.31,74.58,89.7,39706
2026-07-01,2026,July,7,Q3,27,1,Wednesday,73.37999725341797,73.5199966430664,71.04000091552734,71.56999969482422,-1.81,2.48,-1.85,73.67,88.35,37629
2026-07-02,2026,July,7,Q3,27,2,Thursday,71.08999633789062,71.91000366210938,70.13999938964844,71.80000305175781,0.71,1.77,0.32,72.92,87.04,0
2026-07-06,2026,July,7,Q3,28,6,Monday,71.87000274658203,72.58999633789062,71.02999877929688,71.98999786376953,0.12,1.56,0.26,72.67,85.94,46238
2026-07-07,2026,July,7,Q3,28,7,Tuesday,72.11000061035156,76.3499984741211,72.05999755859375,74.16000366210938,2.05,4.29,3.01,72.51,84.99,46238
2026-07-08,2026,July,7,Q3,28,8,Wednesday,75.98999786376953,80.56999969482422,75.44999694824219,79.61000061035156,3.62,5.12,7.35,73.6,84.19,74981
