date,year,month,month_no,quarter,open,high,low,close,shares_traded,turnover_rs_crore,daily_change,daily_return_pct,intraday_range
2024-01-01,2024,January,1,Q1,21727.75,21834.35,21680.85,21741.9,153995217,14184.09,,,153.5
2024-01-02,2024,January,1,Q1,21751.35,21755.6,21555.65,21665.8,263711568,25316.13,-76.1,-0.35,199.95
2024-01-03,2024,January,1,Q1,21661.1,21677.0,21500.35,21517.35,311933117,32329.23,-148.45,-0.69,176.65
2024-01-04,2024,January,1,Q1,21605.8,21685.65,21564.55,21658.6,339172697,30868.15,141.25,0.66,121.1
2024-01-05,2024,January,1,Q1,21705.75,21749.6,21629.2,21710.8,309303266,26554.49,52.2,0.24,120.4
2024-01-08,2024,January,1,Q1,21747.6,21763.95,21492.9,21513.0,231452935,21140.94,-197.8,-0.91,271.05
2024-01-09,2024,January,1,Q1,21653.6,21724.45,21517.85,21544.85,228568589,24055.74,31.85,0.15,206.6
2024-01-10,2024,January,1,Q1,21529.3,21641.85,21448.65,21618.7,216991926,20958.96,73.85,0.34,193.2
2024-01-11,2024,January,1,Q1,21688.0,21726.5,21593.75,21647.2,212453866,23492.12,28.5,0.13,132.75
2024-01-12,2024,January,1,Q1,21773.55,21928.25,21715.15,21894.55,294678459,30565.5,247.35,1.14,213.1
2024-01-15,2024,January,1,Q1,22053.15,22115.55,21963.55,22097.45,345543523,29523.15,202.9,0.93,152.0
2024-01-16,2024,January,1,Q1,22080.5,22124.15,21969.8,22032.3,292433764,24435.94,-65.15,-0.29,154.35
2024-01-17,2024,January,1,Q1,21647.25,21851.5,21550.45,21571.95,455999867,47533.44,-460.35,-2.09,301.05
2024-01-18,2024,January,1,Q1,21414.2,21539.4,21285.55,21462.25,387341268,39718.84,-109.7,-0.51,253.85
2024-01-19,2024,January,1,Q1,21615.2,21670.6,21575.0,21622.4,343055124,34429.24,160.15,0.75,95.6
2024-01-20,2024,January,1,Q1,21706.15,21720.3,21541.8,21571.8,162073740,13917.46,-50.6,-0.23,178.5
2024-01-23,2024,January,1,Q1,21716.7,21750.25,21192.6,21238.8,449718534,48813.68,-333.0,-1.54,557.65
2024-01-24,2024,January,1,Q1,21185.25,21482.35,21137.2,21453.95,407460664,41718.64,215.15,1.01,345.15
2024-01-25,2024,January,1,Q1,21454.6,21459.0,21247.05,21352.6,418143077,40088.5,-101.35,-0.47,211.95
2024-01-29,2024,January,1,Q1,21433.1,21763.25,21429.6,21737.6,376702289,34516.42,385.0,1.8,333.65
2024-01-30,2024,January,1,Q1,21775.75,21813.05,21501.8,21522.1,375137333,32916.3,-215.5,-0.99,311.25
2024-01-31,2024,January,1,Q1,21487.25,21741.35,21448.85,21725.7,410583065,41587.85,203.6,0.95,292.5
2024-02-01,2024,February,2,Q1,21780.65,21832.95,21658.75,21697.45,332541208,34042.15,-28.25,-0.13,174.2
2024-02-02,2024,February,2,Q1,21812.75,22126.8,21805.55,21853.8,442794738,38395.9,156.35,0.72,321.25
2024-02-05,2024,February,2,Q1,21921.05,21964.3,21726.95,21771.7,440849699,33807.94,-82.1,-0.38,237.35
2024-02-06,2024,February,2,Q1,21825.2,21951.4,21737.55,21929.4,370968111,32910.82,157.7,0.72,213.85
2024-02-07,2024,February,2,Q1,22045.05,22053.3,21860.15,21930.5,346263704,30088.76,1.1,0.01,193.15
2024-02-08,2024,February,2,Q1,22009.65,22011.05,21665.3,21717.95,491069786,41082.02,-212.55,-0.97,345.75
2024-02-09,2024,February,2,Q1,21727.0,21804.45,21629.9,21782.5,349222850,31176.16,64.55,0.3,174.55
2024-02-12,2024,February,2,Q1,21800.8,21831.7,21574.75,21616.05,287436165,23921.14,-166.45,-0.76,256.95
2024-02-13,2024,February,2,Q1,21664.3,21766.8,21543.35,21743.25,365785766,29896.62,127.2,0.59,223.45
2024-02-14,2024,February,2,Q1,21578.15,21870.85,21530.2,21840.05,359120861,32535.0,96.8,0.45,340.65
2024-02-15,2024,February,2,Q1,21906.55,21953.85,21794.8,21910.75,345394395,29559.69,70.7,0.32,159.05
2024-02-16,2024,February,2,Q1,22020.3,22068.65,21968.95,22040.7,343892935,30666.89,129.95,0.59,99.7
2024-02-19,2024,February,2,Q1,22103.45,22186.65,22021.05,22122.25,218252325,21375.71,81.55,0.37,165.6
2024-02-20,2024,February,2,Q1,22099.2,22215.6,22045.85,22196.95,295705319,26872.32,74.7,0.34,169.75
2024-02-21,2024,February,2,Q1,22248.85,22249.4,21997.95,22055.05,364545679,29741.39,-141.9,-0.64,251.45
2024-02-22,2024,February,2,Q1,22081.55,22252.5,21875.25,22217.45,343495136,33985.94,162.4,0.74,377.25
2024-02-23,2024,February,2,Q1,22290.0,22297.5,22186.1,22212.7,225983194,24617.01,-4.75,-0.02,111.4
2024-02-26,2024,February,2,Q1,22169.2,22202.15,22075.15,22122.05,207775504,20850.26,-90.65,-0.41,127.0
2024-02-27,2024,February,2,Q1,22090.2,22218.25,22085.65,22198.35,252199186,24620.71,76.3,0.34,132.6
2024-02-28,2024,February,2,Q1,22214.1,22229.15,21915.85,21951.15,202952371,20579.8,-247.2,-1.11,313.3
2024-02-29,2024,February,2,Q1,21935.2,22060.55,21860.65,21982.8,360165824,40196.12,31.65,0.14,199.9
2024-03-01,2024,March,3,Q1,22048.3,22353.3,22047.75,22338.75,351503075,29646.47,355.95,1.62,305.55
2024-03-04,2024,March,3,Q1,22403.5,22440.9,22358.3,22405.6,298794435,23771.71,66.85,0.3,82.6
2024-03-05,2024,March,3,Q1,22371.25,22416.9,22269.15,22356.3,296153036,29165.37,-49.3,-0.22,147.75
2024-03-06,2024,March,3,Q1,22327.5,22497.2,22224.35,22474.05,312262560,31029.01,117.75,0.53,272.85
2024-03-07,2024,March,3,Q1,22505.3,22525.65,22430.0,22493.55,379865142,33558.46,19.5,0.09,95.65
2024-03-11,2024,March,3,Q1,22517.5,22526.6,22307.25,22332.65,277897373,27222.37,-160.9,-0.72,219.35
2024-03-12,2024,March,3,Q1,22334.45,22452.55,22256.0,22335.7,299201167,29781.12,3.05,0.01,196.55
2024-03-13,2024,March,3,Q1,22432.2,22446.75,21905.65,21997.7,493341697,40109.23,-338.0,-1.51,541.1
2024-03-14,2024,March,3,Q1,21982.55,22204.6,21917.5,22146.65,426742460,37348.3,148.95,0.68,287.1
2024-03-15,2024,March,3,Q1,22064.85,22120.9,21931.7,22023.35,661460455,60260.88,-123.3,-0.56,189.2
2024-03-18,2024,March,3,Q1,21990.1,22123.7,21916.55,22055.7,356321519,23015.51,32.35,0.15,207.15
2024-03-19,2024,March,3,Q1,21946.45,21978.3,21793.1,21817.45,344157465,30291.6,-238.25,-1.08,185.2
2024-03-20,2024,March,3,Q1,21843.9,21930.9,21710.2,21839.1,312414696,28939.85,21.65,0.1,220.7
2024-03-21,2024,March,3,Q1,21989.9,22080.95,21941.3,22011.95,353172434,31258.4,172.85,0.79,139.65
2024-03-22,2024,March,3,Q1,21932.2,22180.7,21883.3,22096.75,388656439,39023.19,84.8,0.39,297.4
2024-03-26,2024,March,3,Q1,21947.9,22073.2,21947.55,22004.7,328403719,33382.08,-92.05,-0.42,125.65
2024-03-27,2024,March,3,Q1,22053.95,22193.6,22052.85,22123.65,409136866,38830.73,118.95,0.54,140.75
2024-03-28,2024,March,3,Q1,22163.6,22516.0,22163.6,22326.9,407422815,45656.57,203.25,0.92,352.4
2024-04-01,2024,April,4,Q2,22455.0,22529.95,22427.75,22462.0,243637071,21420.69,135.1,0.61,102.2
2024-04-02,2024,April,4,Q2,22458.8,22497.6,22388.15,22453.3,289524237,27940.93,-8.7,-0.04,109.45
2024-04-03,2024,April,4,Q2,22385.7,22521.1,22346.5,22434.65,309647491,30793.28,-18.65,-0.08,174.6
2024-04-04,2024,April,4,Q2,22592.1,22619.0,22303.8,22514.65,400986156,40705.56,80.0,0.36,315.2
2024-04-05,2024,April,4,Q2,22486.4,22537.6,22427.6,22513.7,242244731,24797.82,-0.95,-0.0,110.0
2024-04-08,2024,April,4,Q2,22578.35,22697.3,22550.35,22666.3,227633561,22480.2,152.6,0.68,146.95
2024-04-09,2024,April,4,Q2,22765.1,22768.4,22612.25,22642.75,232356772,21651.69,-23.55,-0.1,156.15
2024-04-10,2024,April,4,Q2,22720.25,22775.7,22673.7,22753.8,276847931,25355.05,111.05,0.49,102.0
2024-04-12,2024,April,4,Q2,22677.4,22726.45,22503.75,22519.4,357187778,36456.91,-234.4,-1.03,222.7
2024-04-15,2024,April,4,Q2,22339.05,22427.45,22259.55,22272.5,355465814,29474.59,-246.9,-1.1,167.9
2024-04-16,2024,April,4,Q2,22125.3,22213.75,22079.45,22147.9,317267066,28661.04,-124.6,-0.56,134.3
2024-04-18,2024,April,4,Q2,22212.35,22326.5,21961.7,21995.85,456906707,43314.67,-152.05,-0.69,364.8
2024-04-19,2024,April,4,Q2,21861.5,22179.55,21777.65,22147.0,362530569,36073.63,151.15,0.69,401.9
2024-04-22,2024,April,4,Q2,22336.9,22375.65,22198.15,22336.4,279259571,26841.2,189.4,0.86,177.5
2024-04-23,2024,April,4,Q2,22447.05,22447.55,22349.45,22368.0,231520813,25651.64,31.6,0.14,98.1
2024-04-24,2024,April,4,Q2,22421.55,22476.45,22384.0,22402.4,235898642,21925.6,34.4,0.15,92.45
2024-04-25,2024,April,4,Q2,22316.9,22625.95,22305.25,22570.35,475044740,53803.8,167.95,0.75,320.7
2024-04-26,2024,April,4,Q2,22620.4,22620.4,22385.55,22419.95,329887340,36984.89,-150.4,-0.67,234.85
2024-04-29,2024,April,4,Q2,22475.55,22655.8,22441.9,22643.4,291957361,32431.45,223.45,1.0,213.9
2024-04-30,2024,April,4,Q2,22679.65,22783.35,22568.4,22604.85,361859375,38741.7,-38.55,-0.17,214.95
2024-05-02,2024,May,5,Q2,22567.85,22710.5,22567.85,22648.2,445909456,43133.31,43.35,0.19,142.65
2024-05-03,2024,May,5,Q2,22766.35,22794.7,22348.05,22475.85,438060727,44432.55,-172.35,-0.76,446.65
2024-05-06,2024,May,5,Q2,22561.6,22588.8,22409.45,22442.7,320255789,33417.53,-33.15,-0.15,179.35
2024-05-07,2024,May,5,Q2,22489.75,22499.05,22232.05,22302.5,297815469,31512.26,-140.2,-0.62,267.0
2024-05-08,2024,May,5,Q2,22231.2,22368.65,22185.2,22302.5,277438692,29717.33,0.0,0.0,183.45
2024-05-09,2024,May,5,Q2,22224.8,22307.75,21932.4,21957.5,331327454,37870.88,-345.0,-1.55,375.35
2024-05-10,2024,May,5,Q2,21990.95,22131.3,21950.3,22055.2,265804411,28717.71,97.7,0.44,181.0
2024-05-13,2024,May,5,Q2,22027.95,22131.65,21821.05,22104.05,278186886,29036.08,48.85,0.22,310.6
2024-05-14,2024,May,5,Q2,22112.9,22270.05,22081.25,22217.85,230238941,23741.66,113.8,0.51,188.8
2024-05-15,2024,May,5,Q2,22255.6,22297.55,22151.75,22200.55,231935478,23815.79,-17.3,-0.08,145.8
2024-05-16,2024,May,5,Q2,22319.2,22432.25,22054.55,22403.85,368945092,38836.11,203.3,0.92,377.7
2024-05-17,2024,May,5,Q2,22415.25,22502.15,22345.65,22466.1,242654570,27388.67,62.25,0.28,156.5
2024-05-18,2024,May,5,Q2,22512.85,22520.25,22470.05,22502.0,19064566,1572.77,35.9,0.16,50.2
2024-05-21,2024,May,5,Q2,22404.55,22591.1,22404.55,22529.05,347591587,30782.35,27.05,0.12,186.55
2024-05-22,2024,May,5,Q2,22576.6,22629.5,22483.15,22597.8,290345590,28556.14,68.75,0.31,146.35
2024-05-23,2024,May,5,Q2,22614.1,22993.6,22577.45,22967.65,369767547,39157.65,369.85,1.64,416.15
2024-05-24,2024,May,5,Q2,22930.75,23026.4,22908.0,22957.1,261927120,27966.99,-10.55,-0.05,118.4
2024-05-27,2024,May,5,Q2,23038.95,23110.8,22871.2,22932.45,260006078,27204.54,-24.65,-0.11,239.6
2024-05-28,2024,May,5,Q2,22977.15,22998.55,22858.5,22888.15,217890750,23054.65,-44.3,-0.19,140.05
2024-05-29,2024,May,5,Q2,22762.75,22825.5,22685.45,22704.7,269932784,27549.09,-183.45,-0.8,140.05
2024-05-30,2024,May,5,Q2,22617.45,22705.75,22417.0,22488.65,373374457,32991.46,-216.05,-0.95,288.75
2024-05-31,2024,May,5,Q2,22568.1,22653.75,22465.1,22530.7,572122639,67040.32,42.05,0.19,188.65
2024-06-03,2024,June,6,Q2,23337.9,23338.7,23062.3,23263.9,569425569,56418.25,733.2,3.25,276.4
2024-06-04,2024,June,6,Q2,23179.5,23179.5,21281.45,21884.5,1006105058,93786.44,-1379.4,-5.93,1898.05
2024-06-05,2024,June,6,Q2,22128.35,22670.4,21791.95,22620.35,638487077,64326.85,735.85,3.36,878.45
2024-06-06,2024,June,6,Q2,22798.6,22910.15,22642.6,22821.4,480413289,49047.39,201.05,0.89,267.55
2024-06-07,2024,June,6,Q2,22821.85,23320.2,22789.05,23290.15,473554898,47621.54,468.75,2.05,531.15
2024-06-10,2024,June,6,Q2,23319.15,23411.9,23227.15,23259.2,304392368,29060.4,-30.95,-0.13,184.75
2024-06-11,2024,June,6,Q2,23283.75,23389.45,23206.65,23264.85,305185666,29190.91,5.65,0.02,182.8
2024-06-12,2024,June,6,Q2,23344.45,23441.95,23295.95,23322.95,295630910,31795.48,58.1,0.25,146.0
2024-06-13,2024,June,6,Q2,23480.95,23481.05,23353.9,23398.9,268279841,30151.67,75.95,0.33,127.15
2024-06-14,2024,June,6,Q2,23464.95,23490.4,23334.25,23465.6,223086741,25746.34,66.7,0.29,156.15
2024-06-18,2024,June,6,Q2,23570.8,23579.05,23499.7,23557.9,272207297,29389.75,92.3,0.39,79.35
2024-06-19,2024,June,6,Q2,23629.85,23664.0,23412.9,23516.0,328811255,39430.39,-41.9,-0.18,251.1
2024-06-20,2024,June,6,Q2,23586.15,23624.0,23442.6,23567.0,280336970,33390.07,51.0,0.22,181.4
2024-06-21,2024,June,6,Q2,23661.15,23667.1,23398.2,23501.1,609877803,70062.97,-65.9,-0.28,268.9
2024-06-24,2024,June,6,Q2,23382.3,23558.1,23350.0,23537.85,239358460,24862.37,36.75,0.16,208.1
2024-06-25,2024,June,6,Q2,23577.1,23754.15,23562.05,23721.3,298111025,34263.36,183.45,0.78,192.1
2024-06-26,2024,June,6,Q2,23723.1,23889.9,23670.45,23868.8,287824687,33979.62,147.5,0.62,219.45
2024-06-27,2024,June,6,Q2,23881.55,24087.45,23805.4,24044.5,515227010,61216.71,175.7,0.74,282.05
2024-06-28,2024,June,6,Q2,24085.9,24174.0,23985.8,24010.6,354779832,41242.87,-33.9,-0.14,188.2
2024-07-01,2024,July,7,Q3,23992.95,24164.0,23992.7,24141.95,242468081,28204.06,131.35,0.55,171.3
2024-07-02,2024,July,7,Q3,24228.75,24236.35,24056.4,24123.85,309629240,34838.65,-18.1,-0.07,179.95
2024-07-03,2024,July,7,Q3,24291.75,24309.15,24207.1,24286.5,289201551,36661.17,162.65,0.67,102.05
2024-07-04,2024,July,7,Q3,24369.95,24401.0,24281.0,24302.15,251189844,28466.6,15.65,0.06,120.0
2024-07-05,2024,July,7,Q3,24213.35,24363.0,24168.85,24323.85,298381204,32052.48,21.7,0.09,194.15
2024-07-08,2024,July,7,Q3,24329.45,24344.6,24240.55,24320.55,266299131,26356.03,-3.3,-0.01,104.05
2024-07-09,2024,July,7,Q3,24351.0,24443.6,24331.9,24433.2,250537091,29361.08,112.65,0.46,111.7
2024-07-10,2024,July,7,Q3,24459.85,24461.05,24141.8,24324.45,292263786,35358.54,-108.75,-0.45,319.25
2024-07-11,2024,July,7,Q3,24396.55,24402.65,24193.75,24315.95,306404194,32115.44,-8.5,-0.03,208.9
2024-07-12,2024,July,7,Q3,24387.95,24592.2,24331.15,24502.15,325823474,39565.33,186.2,0.77,261.05
2024-07-15,2024,July,7,Q3,24587.6,24635.05,24522.75,24586.7,305395934,31593.04,84.55,0.35,112.3
2024-07-16,2024,July,7,Q3,24615.9,24661.25,24587.65,24613.0,283212233,28668.71,26.3,0.11,73.6
2024-07-18,2024,July,7,Q3,24543.8,24837.75,24504.45,24800.85,350924425,40477.17,187.85,0.76,333.3
2024-07-19,2024,July,7,Q3,24853.8,24854.8,24508.15,24530.9,343772965,33588.08,-269.95,-1.09,346.65
2024-07-22,2024,July,7,Q3,24445.75,24595.2,24362.3,24509.25,324190553,32496.23,-21.65,-0.09,232.9
2024-07-23,2024,July,7,Q3,24568.9,24582.55,24074.2,24479.05,436408768,44921.42,-30.2,-0.12,508.35
2024-07-24,2024,July,7,Q3,24444.95,24504.25,24307.25,24413.5,366616574,39538.11,-65.55,-0.27,197.0
2024-07-25,2024,July,7,Q3,24230.95,24426.15,24210.8,24406.1,391821970,37853.62,-7.4,-0.03,215.35
2024-07-26,2024,July,7,Q3,24423.35,24861.15,24410.9,24834.85,383826136,42118.36,428.75,1.76,450.25
2024-07-29,2024,July,7,Q3,24943.3,24999.75,24774.6,24836.1,354966070,37102.92,1.25,0.01,225.15
2024-07-30,2024,July,7,Q3,24839.4,24971.75,24798.65,24857.3,384989431,37576.58,21.2,0.09,173.1
2024-07-31,2024,July,7,Q3,24886.7,24984.6,24856.5,24951.15,333646302,35411.32,93.85,0.38,128.1
2024-08-01,2024,August,8,Q3,25030.95,25078.3,24956.4,25010.9,431313292,38822.9,59.75,0.24,121.9
2024-08-02,2024,August,8,Q3,24789.0,24851.9,24686.85,24717.7,345027881,35368.54,-293.2,-1.17,165.05
2024-08-05,2024,August,8,Q3,24302.85,24350.05,23893.7,24055.6,486994718,45066.65,-662.1,-2.68,456.35
2024-08-06,2024,August,8,Q3,24189.85,24382.6,23960.4,23992.55,312339387,31553.65,-63.05,-0.26,422.2
2024-08-07,2024,August,8,Q3,24289.4,24337.7,24184.9,24297.5,317564429,29738.85,304.95,1.27,152.8
2024-08-08,2024,August,8,Q3,24248.55,24340.5,24079.7,24117.0,311875940,30858.18,-180.5,-0.74,260.8
2024-08-09,2024,August,8,Q3,24386.85,24419.75,24311.2,24367.5,215129992,22339.19,250.5,1.04,108.55
2024-08-12,2024,August,8,Q3,24320.05,24472.8,24212.1,24347.0,279925100,30311.85,-20.5,-0.08,260.7
2024-08-13,2024,August,8,Q3,24342.35,24359.95,24116.5,24139.0,239727640,25459.58,-208.0,-0.85,243.45
2024-08-14,2024,August,8,Q3,24184.4,24196.5,24099.7,24143.75,303254705,27834.61,4.75,0.02,96.8
2024-08-16,2024,August,8,Q3,24334.85,24563.9,24204.5,24541.15,271611087,28521.9,397.4,1.65,359.4
2024-08-19,2024,August,8,Q3,24636.35,24638.8,24522.95,24572.65,243645503,22124.41,31.5,0.13,115.85
2024-08-20,2024,August,8,Q3,24648.9,24734.3,24607.2,24698.85,238318940,25478.73,126.2,0.51,127.1
2024-08-21,2024,August,8,Q3,24680.55,24787.95,24654.5,24770.2,257114212,27404.63,71.35,0.29,133.45
2024-08-22,2024,August,8,Q3,24863.4,24867.35,24784.45,24811.5,220345125,24227.03,41.3,0.17,82.9
2024-08-23,2024,August,8,Q3,24845.4,24858.4,24771.65,24823.15,206800655,23134.22,11.65,0.05,86.75
2024-08-26,2024,August,8,Q3,24906.1,25043.8,24874.7,25010.6,210266456,22166.86,187.45,0.76,169.1
2024-08-27,2024,August,8,Q3,25024.8,25073.1,24973.65,25017.75,223346636,26695.0,7.15,0.03,99.45
2024-08-28,2024,August,8,Q3,25030.8,25129.6,24964.65,25052.35,220419448,26994.19,34.6,0.14,164.95
2024-08-29,2024,August,8,Q3,25035.3,25192.9,24998.5,25151.95,353993900,43221.73,99.6,0.4,194.4
2024-08-30,2024,August,8,Q3,25249.7,25268.35,25199.4,25235.9,638166179,89554.91,83.95,0.33,68.95
2024-09-02,2024,September,9,Q3,25333.6,25333.65,25235.5,25278.7,222815249,28187.71,42.8,0.17,98.15
2024-09-03,2024,September,9,Q3,25313.4,25321.7,25235.8,25279.85,212131921,27276.14,1.15,0.0,85.9
2024-09-04,2024,September,9,Q3,25089.95,25216.0,25083.8,25198.7,253788501,26293.35,-81.15,-0.32,132.2
2024-09-05,2024,September,9,Q3,25250.5,25275.45,25127.75,25145.1,222242223,26272.38,-53.6,-0.21,147.7
2024-09-06,2024,September,9,Q3,25093.7,25168.75,24801.3,24852.15,311671856,33001.17,-292.95,-1.17,367.45
2024-09-09,2024,September,9,Q3,24823.4,24957.5,24753.15,24936.4,254367252,25180.28,84.25,0.34,204.35
2024-09-10,2024,September,9,Q3,24999.4,25130.5,24896.8,25041.1,251274802,27846.31,104.7,0.42,233.7
2024-09-11,2024,September,9,Q3,25034.0,25113.7,24885.15,24918.45,279229206,29395.73,-122.65,-0.49,228.55
2024-09-12,2024,September,9,Q3,25059.65,25433.35,24941.45,25388.9,380069653,41747.91,470.45,1.89,491.9
2024-09-13,2024,September,9,Q3,25430.45,25430.5,25292.45,25356.5,250781898,25530.69,-32.4,-0.13,138.05
2024-09-16,2024,September,9,Q3,25406.65,25445.7,25336.2,25383.75,168694880,18705.01,27.25,0.11,109.5
2024-09-17,2024,September,9,Q3,25416.9,25441.65,25352.25,25418.55,215956868,25280.83,34.8,0.14,89.4
2024-09-18,2024,September,9,Q3,25402.4,25482.2,25285.55,25377.55,215727159,28832.0,-41.0,-0.16,196.65
2024-09-19,2024,September,9,Q3,25487.05,25611.95,25376.05,25415.8,314461263,34389.27,38.25,0.15,235.9
2024-09-20,2024,September,9,Q3,25525.95,25849.25,25426.6,25790.95,533067422,68915.27,375.15,1.48,422.65
2024-09-23,2024,September,9,Q3,25872.55,25956.0,25847.35,25939.05,209187756,24825.74,148.1,0.57,108.65
2024-09-24,2024,September,9,Q3,25921.45,26011.55,25886.85,25940.4,384115033,35573.63,1.35,0.01,124.7
2024-09-25,2024,September,9,Q3,25899.45,26032.8,25871.35,26004.15,278540972,27868.08,63.75,0.25,161.45
2024-09-26,2024,September,9,Q3,26005.4,26250.9,25998.4,26216.05,370895477,40838.36,211.9,0.81,252.5
2024-09-27,2024,September,9,Q3,26248.25,26277.35,26151.4,26178.95,490332370,55420.63,-37.1,-0.14,125.95
2024-09-30,2024,September,9,Q3,26061.3,26134.7,25794.1,25810.85,375370974,36028.06,-368.1,-1.41,340.6
2024-10-01,2024,October,10,Q4,25788.45,25907.6,25739.2,25796.9,247423786,27473.29,-13.95,-0.05,168.4
2024-10-03,2024,October,10,Q4,25452.85,25639.45,25230.3,25250.1,423395030,45689.5,-546.8,-2.12,409.15
2024-10-04,2024,October,10,Q4,25181.9,25485.05,24966.8,25014.6,374914801,42719.71,-235.5,-0.93,518.25
2024-10-07,2024,October,10,Q4,25084.1,25143.0,24694.35,24795.75,374345795,40550.24,-218.85,-0.87,448.65
2024-10-08,2024,October,10,Q4,24832.2,25044.0,24756.8,25013.15,333220055,33493.36,217.4,0.88,287.2
2024-10-09,2024,October,10,Q4,25065.8,25234.05,24947.7,24981.95,290562844,30877.63,-31.2,-0.12,286.35
2024-10-10,2024,October,10,Q4,25067.05,25134.05,24979.4,24998.45,261364749,28046.45,16.5,0.07,154.65
2024-10-11,2024,October,10,Q4,24985.3,25028.65,24920.05,24964.25,210462717,21734.97,-34.2,-0.14,108.6
2024-10-14,2024,October,10,Q4,25023.45,25159.75,25017.5,25127.95,206423311,21270.9,163.7,0.66,142.25
2024-10-15,2024,October,10,Q4,25186.3,25212.05,25008.15,25057.35,257228772,29113.88,-70.6,-0.28,203.9
2024-10-16,2024,October,10,Q4,25008.55,25093.4,24908.45,24971.3,226774456,24115.83,-86.05,-0.34,184.95
2024-10-17,2024,October,10,Q4,25027.4,25029.5,24728.9,24749.85,252755662,32606.34,-221.45,-0.89,300.6
2024-10-18,2024,October,10,Q4,24664.95,24886.2,24567.65,24854.05,290855392,31772.76,104.2,0.42,318.55
2024-10-21,2024,October,10,Q4,24956.15,24978.3,24679.6,24781.1,241978957,32207.22,-72.95,-0.29,298.7
2024-10-22,2024,October,10,Q4,24798.65,24882.0,24445.8,24472.1,279484697,32801.59,-309.0,-1.25,436.2
2024-10-23,2024,October,10,Q4,24378.15,24604.25,24378.1,24435.5,284556771,31928.1,-36.6,-0.15,226.15
2024-10-24,2024,October,10,Q4,24412.7,24480.65,24341.2,24399.4,216686434,27817.66,-36.1,-0.15,139.45
2024-10-25,2024,October,10,Q4,24418.05,24440.25,24073.9,24180.8,372642214,37068.91,-218.6,-0.9,366.35
2024-10-28,2024,October,10,Q4,24251.1,24492.6,24134.9,24339.15,278562235,28136.06,158.35,0.65,357.7
2024-10-29,2024,October,10,Q4,24328.85,24484.5,24140.85,24466.85,332044690,35579.48,127.7,0.52,343.65
2024-10-30,2024,October,10,Q4,24371.45,24498.2,24307.3,24340.85,285196335,31068.7,-126.0,-0.51,190.9
2024-10-31,2024,October,10,Q4,24349.85,24372.45,24172.6,24205.35,287007588,33403.89,-135.5,-0.56,199.85
2024-11-01,2024,November,11,Q4,24302.75,24368.25,24280.2,24304.35,38811387,3348.45,99.0,0.41,88.05
2024-11-04,2024,November,11,Q4,24315.75,24316.75,23816.15,23995.35,285531635,31561.52,-309.0,-1.27,500.6
2024-11-05,2024,November,11,Q4,23916.5,24229.05,23842.75,24213.3,289511197,30074.77,217.95,0.91,386.3
2024-11-06,2024,November,11,Q4,24308.75,24537.6,24204.05,24484.05,351082031,34108.84,270.75,1.12,333.55
2024-11-07,2024,November,11,Q4,24489.6,24503.35,24179.05,24199.35,322185588,30971.89,-284.7,-1.16,324.3
2024-11-08,2024,November,11,Q4,24207.7,24276.15,24066.65,24148.2,298725122,27670.3,-51.15,-0.21,209.5
2024-11-11,2024,November,11,Q4,24087.25,24336.8,24004.6,24141.3,273370562,26600.28,-6.9,-0.03,332.2
2024-11-12,2024,November,11,Q4,24225.8,24242.0,23839.15,23883.45,255825829,26852.73,-257.85,-1.07,402.85
2024-11-13,2024,November,11,Q4,23822.45,23873.6,23509.6,23559.05,304569316,27765.81,-324.4,-1.36,364.0
2024-11-14,2024,November,11,Q4,23542.15,23675.9,23484.15,23532.7,257708474,24814.37,-26.35,-0.11,191.75
2024-11-18,2024,November,11,Q4,23605.3,23606.8,23350.4,23453.8,263311912,25257.33,-78.9,-0.34,256.4
2024-11-19,2024,November,11,Q4,23529.55,23780.65,23464.8,23518.5,297477279,30486.78,64.7,0.28,315.85
2024-11-21,2024,November,11,Q4,23488.45,23507.3,23263.15,23349.9,420332354,40900.89,-168.6,-0.72,244.15
2024-11-22,2024,November,11,Q4,23411.8,23956.1,23359.0,23907.25,367562789,39257.52,557.35,2.39,597.1
2024-11-25,2024,November,11,Q4,24253.55,24351.55,24135.45,24221.9,687172787,85975.81,314.65,1.32,216.1
2024-11-26,2024,November,11,Q4,24343.3,24343.3,24125.4,24194.5,230691771,24140.67,-27.4,-0.11,217.9
2024-11-27,2024,November,11,Q4,24204.8,24354.55,24145.65,24274.9,295011445,31149.09,80.4,0.33,208.9
2024-11-28,2024,November,11,Q4,24274.15,24345.75,23873.35,23914.15,366745300,41198.27,-360.75,-1.49,472.4
2024-11-29,2024,November,11,Q4,23927.15,24188.45,23927.15,24131.1,282104071,30509.98,216.95,0.91,261.3
2024-12-02,2024,December,12,Q4,24140.85,24301.7,24008.65,24276.05,220384187,23162.75,144.95,0.6,293.05
2024-12-03,2024,December,12,Q4,24367.5,24481.35,24280.0,24457.15,339470947,34228.3,181.1,0.75,201.35
2024-12-04,2024,December,12,Q4,24488.75,24573.2,24366.3,24467.45,348003156,34639.78,10.3,0.04,206.9
2024-12-05,2024,December,12,Q4,24539.15,24857.75,24295.55,24708.4,361469920,40471.33,240.95,0.98,562.2
2024-12-06,2024,December,12,Q4,24729.45,24751.05,24620.5,24677.8,226731303,23904.13,-30.6,-0.12,130.55
2024-12-09,2024,December,12,Q4,24633.9,24705.0,24580.05,24619.0,248139308,25099.79,-58.8,-0.24,124.95
2024-12-10,2024,December,12,Q4,24652.65,24677.8,24510.65,24610.05,261048951,26093.38,-8.95,-0.04,167.15
2024-12-11,2024,December,12,Q4,24620.5,24691.75,24583.85,24641.8,187252712,21592.23,31.75,0.13,107.9
2024-12-12,2024,December,12,Q4,24604.45,24675.25,24527.95,24548.7,266051129,28235.17,-93.1,-0.38,147.3
2024-12-13,2024,December,12,Q4,24498.35,24792.3,24180.8,24768.3,310080852,30429.73,219.6,0.89,611.5
2024-12-16,2024,December,12,Q4,24753.4,24781.25,24601.75,24668.25,187551629,18608.23,-100.05,-0.4,179.5
2024-12-17,2024,December,12,Q4,24584.8,24624.1,24303.45,24336.0,264881033,26765.16,-332.25,-1.35,320.65
2024-12-18,2024,December,12,Q4,24297.95,24394.45,24149.85,24198.85,235346534,23315.92,-137.15,-0.56,244.6
2024-12-19,2024,December,12,Q4,23877.15,24004.9,23870.3,23951.7,271128027,27815.23,-247.15,-1.02,134.6
2024-12-20,2024,December,12,Q4,23960.7,24065.8,23537.35,23587.5,442714411,47084.68,-364.2,-1.52,528.45
2024-12-23,2024,December,12,Q4,23738.2,23869.55,23647.2,23753.45,189758237,18243.28,165.95,0.7,222.35
2024-12-24,2024,December,12,Q4,23769.1,23867.65,23685.15,23727.65,177664746,16010.71,-25.8,-0.11,182.5
2024-12-26,2024,December,12,Q4,23775.8,23854.5,23653.6,23750.2,177681783,16695.1,22.55,0.1,200.9
2024-12-27,2024,December,12,Q4,23801.4,23938.85,23800.6,23813.4,176821521,17164.99,63.2,0.27,138.25
2024-12-30,2024,December,12,Q4,23796.9,23915.35,23599.3,23644.9,364929453,33823.95,-168.5,-0.71,316.05
2024-12-31,2024,December,12,Q4,23560.6,23689.85,23460.45,23644.8,193627727,18646.79,-0.1,-0.0,229.4
2025-01-01,2025,January,1,Q1,23637.65,23822.8,23562.8,23742.9,154921938,14266.26,98.1,0.41,260.0
2025-01-02,2025,January,1,Q1,23783.0,24226.7,23751.55,24188.65,283200811,32237.25,445.75,1.88,475.15
2025-01-03,2025,January,1,Q1,24196.4,24196.45,23976.0,24004.75,312279515,29411.99,-183.9,-0.76,220.45
2025-01-06,2025,January,1,Q1,24045.8,24089.95,23551.9,23616.05,278061806,25853.64,-388.7,-1.62,538.05
2025-01-07,2025,January,1,Q1,23679.9,23795.2,23637.8,23707.9,262337253,22485.65,91.85,0.39,157.4
2025-01-08,2025,January,1,Q1,23746.65,23751.85,23496.15,23688.95,266375381,24718.54,-18.95,-0.08,255.7
2025-01-09,2025,January,1,Q1,23674.75,23689.5,23503.05,23526.5,269239831,26793.85,-162.45,-0.69,186.45
2025-01-10,2025,January,1,Q1,23551.9,23596.6,23344.35,23431.5,261022434,25017.6,-95.0,-0.4,252.25
2025-01-13,2025,January,1,Q1,23195.4,23340.95,23047.25,23085.95,316481107,26890.37,-345.55,-1.47,293.7
2025-01-14,2025,January,1,Q1,23165.9,23264.95,23134.15,23176.05,311235510,31174.05,90.1,0.39,130.8
2025-01-15,2025,January,1,Q1,23250.45,23293.65,23146.45,23213.2,228039156,21587.78,37.15,0.16,147.2
2025-01-16,2025,January,1,Q1,23377.25,23391.65,23272.05,23311.8,299416081,29784.82,98.6,0.42,119.6
2025-01-17,2025,January,1,Q1,23277.1,23292.1,23100.35,23203.2,272945267,27040.78,-108.6,-0.47,191.75
2025-01-20,2025,January,1,Q1,23290.4,23391.1,23170.65,23344.75,301455455,27333.97,141.55,0.61,220.45
2025-01-21,2025,January,1,Q1,23421.65,23426.3,22976.85,23024.65,312871897,30106.72,-320.1,-1.37,449.45
2025-01-22,2025,January,1,Q1,23099.15,23169.55,22981.3,23155.35,275951918,25462.05,130.7,0.57,188.25
2025-01-23,2025,January,1,Q1,23128.3,23270.8,23090.65,23205.35,275558357,27723.78,50.0,0.22,180.15
2025-01-24,2025,January,1,Q1,23183.9,23347.3,23050.0,23092.2,264336332,24412.46,-113.15,-0.49,297.3
2025-01-27,2025,January,1,Q1,22940.15,23007.45,22786.9,22829.15,257372790,24202.41,-263.05,-1.14,220.55
2025-01-28,2025,January,1,Q1,22960.45,23137.95,22857.65,22957.25,361868609,33221.8,128.1,0.56,280.3
2025-01-29,2025,January,1,Q1,23026.75,23183.35,22976.5,23163.1,251208119,22307.38,205.85,0.9,206.85
2025-01-30,2025,January,1,Q1,23169.5,23322.05,23139.2,23249.5,384687127,35252.87,86.4,0.37,182.85
2025-01-31,2025,January,1,Q1,23296.75,23546.8,23277.4,23508.4,326919177,28638.01,258.9,1.11,269.4
2025-02-01,2025,February,2,Q1,23528.6,23632.45,23318.3,23482.15,287703637,25741.04,-26.25,-0.11,314.15
2025-02-03,2025,February,2,Q1,23319.35,23381.6,23222.0,23361.05,347241171,32019.13,-121.1,-0.52,159.6
2025-02-04,2025,February,2,Q1,23509.9,23762.75,23423.15,23739.25,376742506,35974.3,378.2,1.62,339.6
2025-02-05,2025,February,2,Q1,23801.75,23807.3,23680.45,23696.3,267014345,25806.44,-42.95,-0.18,126.85
2025-02-06,2025,February,2,Q1,23761.95,23773.55,23556.25,23603.35,306978683,30885.59,-92.95,-0.39,217.3
2025-02-07,2025,February,2,Q1,23649.5,23694.5,23443.2,23559.95,368092482,30042.0,-43.4,-0.18,251.3
2025-02-10,2025,February,2,Q1,23543.8,23568.6,23316.3,23381.6,225529166,21254.72,-178.35,-0.76,252.3
2025-02-11,2025,February,2,Q1,23383.55,23390.05,22986.65,23071.8,267969979,27191.96,-309.8,-1.32,403.4
2025-02-12,2025,February,2,Q1,23050.8,23144.7,22798.35,23045.25,279656513,26989.94,-26.55,-0.12,346.35
2025-02-13,2025,February,2,Q1,23055.75,23235.5,22992.2,23031.4,265706855,25218.86,-13.85,-0.06,243.3
2025-02-14,2025,February,2,Q1,23096.45,23133.7,22774.85,22929.25,254479643,22049.89,-102.15,-0.44,358.85
2025-02-17,2025,February,2,Q1,22809.9,22974.2,22725.45,22959.5,207393944,19809.44,30.25,0.13,248.75
2025-02-18,2025,February,2,Q1,22963.65,22992.5,22801.5,22945.3,210616675,19431.37,-14.2,-0.06,191.0
2025-02-19,2025,February,2,Q1,22847.25,23049.95,22814.85,22932.9,206999204,19817.93,-12.4,-0.05,235.1
2025-02-20,2025,February,2,Q1,22821.1,22923.85,22812.75,22913.15,240836647,21303.88,-19.75,-0.09,111.1
2025-02-21,2025,February,2,Q1,22857.2,22921.0,22720.3,22795.9,242753984,21994.37,-117.25,-0.51,200.7
2025-02-24,2025,February,2,Q1,22609.35,22668.05,22518.8,22553.35,214317552,20772.95,-242.55,-1.06,149.25
2025-02-25,2025,February,2,Q1,22516.45,22625.3,22513.9,22547.55,250279519,24917.83,-5.8,-0.03,111.4
2025-02-27,2025,February,2,Q1,22568.95,22613.3,22508.4,22545.05,289230479,29775.64,-2.5,-0.01,104.9
2025-02-28,2025,February,2,Q1,22433.4,22450.35,22104.85,22124.7,551285287,52745.2,-420.35,-1.86,345.5
2025-03-03,2025,March,3,Q1,22194.55,22261.55,22004.7,22119.3,282399735,25942.05,-5.4,-0.02,256.85
2025-03-04,2025,March,3,Q1,21974.45,22105.05,21964.6,22082.65,253260641,22979.56,-36.65,-0.17,140.45
2025-03-05,2025,March,3,Q1,22073.05,22394.9,22067.8,22337.3,305942691,26371.61,254.65,1.15,327.1
2025-03-06,2025,March,3,Q1,22476.35,22556.45,22245.85,22544.7,372083680,30550.28,207.4,0.93,310.6
2025-03-07,2025,March,3,Q1,22508.65,22633.8,22464.75,22552.5,289765795,21446.95,7.8,0.03,169.05
2025-03-10,2025,March,3,Q1,22521.85,22676.75,22429.05,22460.3,293855491,22330.86,-92.2,-0.41,247.7
2025-03-11,2025,March,3,Q1,22345.95,22522.1,22314.7,22497.9,347924102,29208.22,37.6,0.17,207.4
2025-03-12,2025,March,3,Q1,22536.35,22577.4,22329.55,22470.5,369736725,33406.41,-27.4,-0.12,247.85
2025-03-13,2025,March,3,Q1,22541.5,22558.05,22377.35,22397.2,287535243,22855.58,-73.3,-0.33,180.7
2025-03-17,2025,March,3,Q1,22353.15,22577.0,22353.15,22508.75,251102239,24122.27,111.55,0.5,223.85
2025-03-18,2025,March,3,Q1,22662.25,22857.8,22599.2,22834.3,272578844,26387.47,325.55,1.45,258.6
2025-03-19,2025,March,3,Q1,22874.95,22940.7,22807.95,22907.6,323992121,26994.95,73.3,0.32,132.75
2025-03-20,2025,March,3,Q1,23036.6,23216.7,22973.95,23190.65,313729818,27573.99,283.05,1.24,242.75
2025-03-21,2025,March,3,Q1,23168.25,23402.7,23132.8,23350.4,540966316,51005.67,159.75,0.69,269.9
2025-03-24,2025,March,3,Q1,23515.4,23708.75,23433.5,23658.35,311900413,28871.35,307.95,1.32,275.25
2025-03-25,2025,March,3,Q1,23751.5,23869.6,23601.4,23668.65,338216746,35415.03,10.3,0.04,268.2
2025-03-26,2025,March,3,Q1,23700.95,23736.5,23451.7,23486.85,278590831,26877.28,-181.8,-0.77,284.8
2025-03-27,2025,March,3,Q1,23433.95,23646.45,23412.2,23591.95,510302142,46481.84,105.1,0.45,234.25
2025-03-28,2025,March,3,Q1,23600.4,23649.2,23450.2,23519.35,387455531,29156.37,-72.6,-0.31,199.0
2025-04-01,2025,April,4,Q2,23341.1,23565.15,23136.4,23165.7,375118343,30680.7,-353.65,-1.5,428.75
2025-04-02,2025,April,4,Q2,23192.6,23350.0,23158.45,23332.35,340970371,24334.3,166.65,0.72,191.55
2025-04-03,2025,April,4,Q2,23150.3,23306.5,23145.8,23250.1,283196379,23501.33,-82.25,-0.35,160.7
2025-04-04,2025,April,4,Q2,23190.4,23214.7,22857.45,22904.45,466776198,33761.96,-345.65,-1.49,357.25
2025-04-07,2025,April,4,Q2,21758.4,22254.0,21743.65,22161.6,647107618,49172.14,-742.85,-3.24,510.35
2025-04-08,2025,April,4,Q2,22446.75,22697.2,22270.85,22535.85,468250807,37226.82,374.25,1.69,426.35
2025-04-09,2025,April,4,Q2,22460.3,22468.7,22353.25,22399.15,383822618,28996.55,-136.7,-0.61,115.45
2025-04-11,2025,April,4,Q2,22695.4,22923.9,22695.4,22828.55,402162001,33683.6,429.4,1.92,228.5
2025-04-15,2025,April,4,Q2,23368.35,23368.35,23207.0,23328.55,388321931,34216.17,500.0,2.19,161.35
2025-04-16,2025,April,4,Q2,23344.1,23452.2,23273.05,23437.2,348424960,28102.36,108.65,0.47,179.15
2025-04-17,2025,April,4,Q2,23401.85,23872.35,23298.55,23851.65,505333905,38450.09,414.45,1.77,573.8
2025-04-21,2025,April,4,Q2,23949.15,24189.55,23903.65,24125.55,406145632,33125.62,273.9,1.15,285.9
2025-04-22,2025,April,4,Q2,24185.4,24242.6,24072.0,24167.25,440940490,35479.29,41.7,0.17,170.6
2025-04-23,2025,April,4,Q2,24357.6,24359.3,24119.95,24328.95,415042544,34527.08,161.7,0.67,239.35
2025-04-24,2025,April,4,Q2,24277.9,24347.85,24216.15,24246.7,358768165,33057.29,-82.25,-0.34,131.7
2025-04-25,2025,April,4,Q2,24289.0,24365.45,23847.85,24039.35,387741866,33430.86,-207.35,-0.86,517.6
2025-04-28,2025,April,4,Q2,24070.25,24355.1,24054.05,24328.5,320467976,28278.82,289.15,1.2,301.05
2025-04-29,2025,April,4,Q2,24370.7,24457.65,24290.75,24335.95,357563224,30436.88,7.45,0.03,166.9
2025-04-30,2025,April,4,Q2,24342.05,24396.15,24198.75,24334.2,424452559,41073.48,-1.75,-0.01,197.4
2025-05-02,2025,May,5,Q2,24311.9,24589.15,24238.5,24346.7,421112627,34043.27,12.5,0.05,350.65
2025-05-05,2025,May,5,Q2,24419.5,24526.4,24400.65,24461.15,291471628,26918.36,114.45,0.47,125.75
2025-05-06,2025,May,5,Q2,24500.75,24509.65,24331.8,24379.6,302354059,26481.15,-81.55,-0.33,177.85
2025-05-07,2025,May,5,Q2,24233.3,24449.6,24220.0,24414.4,330137191,27648.34,34.8,0.14,229.6
2025-05-08,2025,May,5,Q2,24431.5,24447.25,24150.2,24273.8,411362230,36893.06,-140.6,-0.58,297.05
2025-05-09,2025,May,5,Q2,23935.75,24164.25,23935.75,24008.0,335550680,28942.61,-265.8,-1.1,228.5
2025-05-12,2025,May,5,Q2,24420.1,24944.8,24378.85,24924.7,368707684,30362.27,916.7,3.82,565.95
2025-05-13,2025,May,5,Q2,24864.05,24973.8,24547.5,24578.35,422977876,34576.66,-346.35,-1.39,426.3
2025-05-14,2025,May,5,Q2,24613.8,24767.55,24535.55,24666.9,345490805,25585.37,88.55,0.36,232.0
2025-05-15,2025,May,5,Q2,24694.45,25116.25,24494.45,25062.1,500821889,44147.39,395.2,1.6,621.8
2025-05-16,2025,May,5,Q2,25064.65,25070.0,24953.05,25019.8,432717092,43815.86,-42.3,-0.17,116.95
2025-05-19,2025,May,5,Q2,25005.35,25062.95,24916.65,24945.45,255254340,21598.6,-74.35,-0.3,146.3
2025-05-20,2025,May,5,Q2,24996.2,25010.35,24669.7,24683.9,414799113,31063.03,-261.55,-1.05,340.65
2025-05-21,2025,May,5,Q2,24744.25,24946.2,24685.35,24813.45,332724952,23179.85,129.55,0.52,260.85
2025-05-22,2025,May,5,Q2,24733.95,24737.5,24462.4,24609.7,403279638,30579.52,-203.75,-0.82,275.1
2025-05-23,2025,May,5,Q2,24639.5,24909.05,24614.05,24853.15,270470348,20200.73,243.45,0.99,295.0
2025-05-26,2025,May,5,Q2,24919.35,25079.2,24900.5,25001.15,302799227,20060.68,148.0,0.6,178.7
2025-05-27,2025,May,5,Q2,24956.65,25062.9,24704.1,24826.2,525653668,33638.3,-174.95,-0.7,358.8
2025-05-28,2025,May,5,Q2,24832.5,24864.25,24737.05,24752.45,684425321,37143.55,-73.75,-0.3,127.2
2025-05-29,2025,May,5,Q2,24825.1,24892.6,24677.3,24833.6,345370611,29730.05,81.15,0.33,215.3
2025-05-30,2025,May,5,Q2,24812.6,24863.95,24717.4,24750.7,853890978,52247.87,-82.9,-0.33,146.55
2025-06-02,2025,June,6,Q2,24669.7,24754.4,24526.15,24716.6,311100908,25091.04,-34.1,-0.14,228.25
2025-06-03,2025,June,6,Q2,24786.3,24845.1,24502.15,24542.5,349288937,28906.4,-174.1,-0.7,342.95
2025-06-04,2025,June,6,Q2,24560.45,24644.25,24530.45,24620.2,280862575,21907.07,77.7,0.32,113.8
2025-06-05,2025,June,6,Q2,24691.2,24899.85,24613.1,24750.9,388405978,30186.46,130.7,0.53,286.75
2025-06-06,2025,June,6,Q2,24748.7,25029.5,24671.45,25003.05,335581057,30041.71,252.15,1.02,358.05
2025-06-09,2025,June,6,Q2,25160.1,25160.1,25077.15,25103.2,279219989,25606.21,100.15,0.4,82.95
2025-06-10,2025,June,6,Q2,25196.05,25199.3,25055.45,25104.25,307323471,28813.93,1.05,0.0,143.85
2025-06-11,2025,June,6,Q2,25134.15,25222.4,25081.3,25141.4,301245273,25871.18,37.15,0.15,141.1
2025-06-12,2025,June,6,Q2,25164.45,25196.2,24825.9,24888.2,328310748,29573.27,-253.2,-1.01,370.3
2025-06-13,2025,June,6,Q2,24473.0,24754.35,24473.0,24718.6,318711364,24838.56,-169.6,-0.68,281.35
2025-06-16,2025,June,6,Q2,24732.35,24967.1,24703.6,24946.5,305813047,23857.15,227.9,0.92,263.5
2025-06-17,2025,June,6,Q2,24977.85,24982.05,24813.7,24853.4,242415740,21818.05,-93.1,-0.37,168.35
2025-06-18,2025,June,6,Q2,24788.35,24947.55,24750.45,24812.05,237599011,22044.05,-41.35,-0.17,197.1
2025-06-19,2025,June,6,Q2,24803.25,24863.1,24733.4,24793.25,274619935,23620.79,-18.8,-0.08,129.7
2025-06-20,2025,June,6,Q2,24787.65,25136.2,24783.65,25112.4,574654035,55782.03,319.15,1.29,352.55
2025-06-23,2025,June,6,Q2,24939.75,25057.0,24824.85,24971.9,248534153,20797.88,-140.5,-0.56,232.15
2025-06-24,2025,June,6,Q2,25179.9,25317.7,24999.7,25044.35,450185468,35508.9,72.45,0.29,318.0
2025-06-25,2025,June,6,Q2,25150.35,25266.8,25125.05,25244.75,260582584,22985.17,200.4,0.8,141.75
2025-06-26,2025,June,6,Q2,25268.95,25565.3,25259.9,25549.0,428891818,38689.39,304.25,1.21,305.4
2025-06-27,2025,June,6,Q2,25576.65,25654.2,25523.55,25637.8,563957748,47108.6,88.8,0.35,130.65
2025-06-30,2025,June,6,Q2,25661.65,25669.35,25473.3,25517.05,270981274,24673.48,-120.75,-0.47,196.05
2025-07-01,2025,July,7,Q3,25551.35,25593.4,25501.8,25541.8,260669106,23921.02,24.75,0.1,91.6
2025-07-02,2025,July,7,Q3,25588.3,25608.1,25378.75,25453.4,309828013,26681.66,-88.4,-0.35,229.35
2025-07-03,2025,July,7,Q3,25505.1,25587.5,25384.35,25405.3,293428797,24531.7,-48.1,-0.19,203.15
2025-07-04,2025,July,7,Q3,25428.85,25470.25,25331.65,25461.0,193511595,19101.33,55.7,0.22,138.6
2025-07-07,2025,July,7,Q3,25450.45,25489.8,25407.25,25461.3,196051345,16923.26,0.3,0.0,82.55
2025-07-08,2025,July,7,Q3,25427.85,25548.05,25424.15,25522.5,210410530,21947.32,61.2,0.24,123.9
2025-07-09,2025,July,7,Q3,25514.6,25548.7,25424.35,25476.1,239081546,20549.5,-46.4,-0.18,124.35
2025-07-10,2025,July,7,Q3,25511.65,25524.05,25340.45,25355.25,219609322,21435.36,-120.85,-0.47,183.6
2025-07-11,2025,July,7,Q3,25255.5,25322.45,25129.0,25149.85,249987681,26251.65,-205.4,-0.81,193.45
2025-07-14,2025,July,7,Q3,25149.5,25151.1,25001.95,25082.3,259533624,23316.33,-67.55,-0.27,149.15
2025-07-15,2025,July,7,Q3,25089.5,25245.2,25088.45,25195.8,241340130,23282.7,113.5,0.45,156.75
2025-07-16,2025,July,7,Q3,25196.6,25255.3,25121.05,25212.05,228815928,22254.54,16.25,0.06,134.25
2025-07-17,2025,July,7,Q3,25230.75,25238.35,25101.0,25111.45,243412540,24715.35,-100.6,-0.4,137.35
2025-07-18,2025,July,7,Q3,25108.55,25144.6,24918.65,24968.4,316979826,26330.8,-143.05,-0.57,225.95
2025-07-21,2025,July,7,Q3,24999.0,25111.4,24882.3,25090.7,305216414,26062.25,122.3,0.49,229.1
2025-07-22,2025,July,7,Q3,25166.65,25182.0,25035.55,25060.9,483725120,31248.06,-29.8,-0.12,146.45
2025-07-23,2025,July,7,Q3,25139.35,25233.5,25085.5,25219.9,271539651,23042.49,159.0,0.63,148.0
2025-07-24,2025,July,7,Q3,25243.3,25246.25,25018.7,25062.1,338728860,27433.34,-157.8,-0.63,227.55
2025-07-25,2025,July,7,Q3,25010.35,25010.35,24806.35,24837.0,278136104,25273.64,-225.1,-0.9,204.0
2025-07-28,2025,July,7,Q3,24782.45,24889.2,24646.6,24680.9,262142969,24976.54,-156.1,-0.63,242.6
2025-07-29,2025,July,7,Q3,24609.65,24847.15,24598.6,24821.1,284657235,25954.42,140.2,0.57,248.55
2025-07-30,2025,July,7,Q3,24890.4,24902.3,24771.95,24855.05,243886726,23525.25,33.95,0.14,130.35
2025-07-31,2025,July,7,Q3,24642.25,24956.5,24635.0,24768.35,346303628,30477.71,-86.7,-0.35,321.5
2025-08-01,2025,August,8,Q3,24734.9,24784.15,24535.05,24565.35,263357194,24972.45,-203.0,-0.82,249.1
2025-08-04,2025,August,8,Q3,24596.05,24736.25,24554.0,24722.75,259329477,20372.68,157.4,0.64,182.25
2025-08-05,2025,August,8,Q3,24720.25,24733.1,24590.3,24649.55,251849778,23815.36,-73.2,-0.3,142.8
2025-08-06,2025,August,8,Q3,24641.35,24671.4,24539.2,24574.2,225091071,20559.22,-75.35,-0.31,132.2
2025-08-07,2025,August,8,Q3,24464.2,24634.2,24344.15,24596.15,616739190,35574.59,21.95,0.09,290.05
2025-08-08,2025,August,8,Q3,24544.25,24585.5,24337.5,24363.3,312630157,38135.74,-232.85,-0.95,248.0
2025-08-11,2025,August,8,Q3,24371.5,24600.85,24347.45,24585.05,241145497,21081.61,221.75,0.91,253.4
2025-08-12,2025,August,8,Q3,24563.35,24702.6,24465.65,24487.4,237002462,22258.29,-97.65,-0.4,236.95
2025-08-13,2025,August,8,Q3,24586.2,24664.55,24535.25,24619.35,236006791,22843.14,131.95,0.54,129.3
2025-08-14,2025,August,8,Q3,24607.25,24673.65,24596.9,24631.3,270162203,22375.44,11.95,0.05,76.75
2025-08-18,2025,August,8,Q3,24938.2,25022.0,24852.85,24876.95,363071305,37637.67,245.65,1.0,169.15
2025-08-19,2025,August,8,Q3,24891.35,25012.65,24873.95,24980.65,252340828,24781.97,103.7,0.42,138.7
2025-08-20,2025,August,8,Q3,24965.8,25088.7,24929.7,25050.55,287054119,25330.45,69.9,0.28,159.0
2025-08-21,2025,August,8,Q3,25142.0,25153.65,25054.9,25083.75,226542052,21865.07,33.2,0.13,98.75
2025-08-22,2025,August,8,Q3,25064.15,25084.85,24859.15,24870.1,210165384,19655.78,-213.65,-0.85,225.7
2025-08-25,2025,August,8,Q3,24949.15,25021.55,24894.35,24967.75,213032133,19871.25,97.65,0.39,127.2
2025-08-26,2025,August,8,Q3,24899.5,24919.65,24689.6,24712.05,750473927,47068.2,-255.7,-1.02,230.05
2025-08-28,2025,August,8,Q3,24695.8,24702.65,24481.6,24500.9,326601486,29371.67,-211.15,-0.85,221.05
2025-08-29,2025,August,8,Q3,24466.7,24572.45,24404.7,24426.85,325543583,26796.69,-74.05,-0.3,167.75
2025-09-01,2025,September,9,Q3,24432.7,24635.6,24432.7,24625.05,229327424,20704.88,198.2,0.81,202.9
2025-09-02,2025,September,9,Q3,24653.0,24756.1,24522.35,24579.6,271558516,22051.8,-45.45,-0.18,233.75
2025-09-03,2025,September,9,Q3,24616.5,24737.05,24533.2,24715.05,340283328,23533.08,135.45,0.55,203.85
2025-09-04,2025,September,9,Q3,24980.75,24980.75,24708.2,24734.3,314094160,30252.19,19.25,0.08,272.55
2025-09-05,2025,September,9,Q3,24818.85,24832.35,24621.6,24741.0,210071924,18530.24,6.7,0.03,210.75
2025-09-08,2025,September,9,Q3,24802.6,24885.5,24751.55,24773.15,213228202,20122.88,32.15,0.13,133.95
2025-09-09,2025,September,9,Q3,24864.1,24891.8,24814.0,24868.6,226919775,22356.88,95.45,0.39,77.8
2025-09-10,2025,September,9,Q3,24991.0,25035.7,24915.05,24973.1,244146466,22458.98,104.5,0.42,120.65
2025-09-11,2025,September,9,Q3,24945.5,25037.3,24940.15,25005.5,224570983,21316.72,32.4,0.13,97.15
2025-09-12,2025,September,9,Q3,25074.45,25139.45,25038.05,25114.0,225739766,21335.67,108.5,0.43,101.4
2025-09-15,2025,September,9,Q3,25118.9,25138.45,25048.75,25069.2,185375759,17115.6,-44.8,-0.18,89.7
2025-09-16,2025,September,9,Q3,25073.6,25261.4,25070.45,25239.1,240122320,22642.86,169.9,0.68,190.95
2025-09-17,2025,September,9,Q3,25276.6,25346.5,25275.35,25330.25,268936695,23484.12,91.15,0.36,71.15
2025-09-18,2025,September,9,Q3,25441.05,25448.55,25329.75,25423.6,272193683,24198.11,93.35,0.37,118.8
2025-09-19,2025,September,9,Q3,25410.2,25431.4,25286.3,25327.05,380362832,38805.58,-96.55,-0.38,145.1
2025-09-22,2025,September,9,Q3,25238.1,25331.7,25151.05,25202.35,254509892,25277.82,-124.7,-0.49,180.65
2025-09-23,2025,September,9,Q3,25209.0,25261.9,25084.65,25169.5,299204338,31435.17,-32.85,-0.13,177.25
2025-09-24,2025,September,9,Q3,25108.75,25149.85,25027.45,25056.9,244382281,22310.05,-112.6,-0.45,122.4
2025-09-25,2025,September,9,Q3,25034.5,25092.7,24878.3,24890.85,342534768,32715.91,-166.05,-0.66,214.4
2025-09-26,2025,September,9,Q3,24818.55,24868.6,24629.45,24654.7,291537949,29987.93,-236.15,-0.95,239.15
2025-09-29,2025,September,9,Q3,24728.55,24791.3,24606.2,24634.9,394388242,40004.93,-19.8,-0.08,185.1
2025-09-30,2025,September,9,Q3,24691.95,24731.8,24587.7,24611.1,304924720,29285.11,-23.8,-0.1,144.1
2025-10-01,2025,October,10,Q4,24620.55,24867.95,24605.95,24836.3,308135228,29041.17,225.2,0.92,262.0
2025-10-03,2025,October,10,Q4,24759.55,24904.8,24747.55,24894.25,366929642,31409.06,57.95,0.23,157.25
2025-10-06,2025,October,10,Q4,24916.55,25095.95,24881.65,25077.65,271953070,25160.76,183.4,0.74,214.3
2025-10-07,2025,October,10,Q4,25085.3,25220.9,25076.3,25108.3,286833765,26176.23,30.65,0.12,144.6
2025-10-08,2025,October,10,Q4,25079.75,25192.5,25008.5,25046.15,225967495,21701.19,-62.15,-0.25,184.0
2025-10-09,2025,October,10,Q4,25074.3,25199.25,25024.3,25181.8,286253252,22617.86,135.65,0.54,174.95
2025-10-10,2025,October,10,Q4,25167.65,25330.75,25156.85,25285.35,232943306,21749.23,103.55,0.41,173.9
2025-10-13,2025,October,10,Q4,25177.3,25267.3,25152.3,25227.35,234285202,20806.83,-58.0,-0.23,115.0
2025-10-14,2025,October,10,Q4,25277.55,25310.35,25060.55,25145.5,292129083,24151.97,-81.85,-0.32,249.8
2025-10-15,2025,October,10,Q4,25181.95,25365.15,25159.35,25323.55,289930172,25202.02,178.05,0.71,205.8
2025-10-16,2025,October,10,Q4,25394.9,25625.4,25376.85,25585.3,372777021,32008.64,261.75,1.03,248.55
2025-10-17,2025,October,10,Q4,25546.85,25781.5,25508.6,25709.85,422055809,35106.96,124.55,0.49,272.9
2025-10-20,2025,October,10,Q4,25824.6,25926.2,25788.5,25843.15,301133193,29637.12,133.3,0.52,137.7
2025-10-21,2025,October,10,Q4,25901.2,25934.35,25825.8,25868.6,42477128,3831.1,25.45,0.1,108.55
2025-10-23,2025,October,10,Q4,26057.2,26104.2,25862.45,25891.4,448404894,41777.68,22.8,0.09,241.75
2025-10-24,2025,October,10,Q4,25935.1,25944.15,25718.2,25795.15,284913477,23527.98,-96.25,-0.37,225.95
2025-10-27,2025,October,10,Q4,25843.2,26005.95,25827.0,25966.05,266337274,23989.06,170.9,0.66,178.95
2025-10-28,2025,October,10,Q4,25939.95,26041.7,25810.05,25936.2,395231207,37023.32,-29.85,-0.11,231.65
2025-10-29,2025,October,10,Q4,25982.0,26097.85,25960.3,26053.9,321880610,26309.32,117.7,0.45,137.55
2025-10-30,2025,October,10,Q4,25984.4,26032.05,25845.25,25877.85,257373001,24180.46,-176.05,-0.68,186.8
2025-10-31,2025,October,10,Q4,25863.8,25953.75,25711.2,25722.1,334384400,28788.4,-155.75,-0.6,242.55
2025-11-03,2025,November,11,Q4,25696.85,25803.1,25645.5,25763.35,275858501,23949.88,41.25,0.16,157.6
2025-11-04,2025,November,11,Q4,25744.75,25787.4,25578.4,25597.65,305143084,29307.41,-165.7,-0.64,209.0
2025-11-06,2025,November,11,Q4,25593.35,25679.15,25491.55,25509.7,371852417,36129.62,-87.95,-0.34,187.6
2025-11-07,2025,November,11,Q4,25433.8,25551.25,25318.45,25492.3,305606393,35487.0,-17.4,-0.07,232.8
2025-11-10,2025,November,11,Q4,25503.5,25653.45,25503.5,25574.35,243592948,25023.65,82.05,0.32,149.95
2025-11-11,2025,November,11,Q4,25617.0,25715.8,25449.25,25694.95,297714069,28285.51,120.6,0.47,266.55
2025-11-12,2025,November,11,Q4,25834.3,25934.55,25781.15,25875.8,343864299,30633.19,180.85,0.7,153.4
2025-11-13,2025,November,11,Q4,25906.1,26010.7,25808.4,25879.15,385170023,30145.74,3.35,0.01,202.3
2025-11-14,2025,November,11,Q4,25767.9,25940.2,25740.8,25910.05,518943416,33121.81,30.9,0.12,199.4
2025-11-17,2025,November,11,Q4,25948.2,26024.2,25906.35,26013.45,264610565,23384.35,103.4,0.4,117.85
2025-11-18,2025,November,11,Q4,26021.8,26029.85,25876.5,25910.05,280000989,26059.6,-103.4,-0.4,153.35
2025-11-19,2025,November,11,Q4,25918.1,26074.65,25856.2,26052.65,250110008,24496.86,142.6,0.55,218.45
2025-11-20,2025,November,11,Q4,26132.1,26246.65,26063.2,26192.15,240425729,25000.17,139.5,0.54,183.45
2025-11-21,2025,November,11,Q4,26109.55,26179.2,26052.2,26068.15,235581427,24720.07,-124.0,-0.47,127.0
2025-11-24,2025,November,11,Q4,26122.8,26142.8,25912.15,25959.5,464655063,44895.45,-108.65,-0.42,230.65
2025-11-25,2025,November,11,Q4,25998.5,26032.6,25857.5,25884.8,260454909,25320.15,-74.7,-0.29,175.1
2025-11-26,2025,November,11,Q4,25842.95,26215.15,25842.95,26205.3,275265169,31666.03,320.5,1.24,372.2
2025-11-27,2025,November,11,Q4,26261.25,26310.45,26141.9,26215.55,240287057,25306.47,10.25,0.04,168.55
2025-11-28,2025,November,11,Q4,26237.45,26280.75,26172.4,26202.95,202511545,20525.36,-12.6,-0.05,108.35
2025-12-01,2025,December,12,Q4,26325.8,26325.8,26124.2,26175.75,213828573,21734.75,-27.2,-0.1,201.6
2025-12-02,2025,December,12,Q4,26087.95,26154.6,25997.85,26032.2,254803113,26298.82,-143.55,-0.55,156.75
2025-12-03,2025,December,12,Q4,26004.9,26066.45,25891.0,25986.0,265660108,25320.85,-46.2,-0.18,175.45
2025-12-04,2025,December,12,Q4,25981.85,26098.25,25938.95,26033.75,248099545,26377.76,47.75,0.18,159.3
2025-12-05,2025,December,12,Q4,25999.8,26202.6,25985.35,26186.45,249254405,27491.07,152.7,0.59,217.25
2025-12-08,2025,December,12,Q4,26159.8,26178.7,25892.25,25960.55,320729920,31677.57,-225.9,-0.86,286.45
2025-12-09,2025,December,12,Q4,25867.1,25923.65,25728.0,25839.65,275978160,29894.41,-120.9,-0.47,195.65
2025-12-10,2025,December,12,Q4,25864.05,25947.65,25734.55,25758.0,207944446,21975.7,-81.65,-0.32,213.1
2025-12-11,2025,December,12,Q4,25771.4,25922.8,25693.25,25898.55,206099631,20145.19,140.55,0.55,229.55
2025-12-12,2025,December,12,Q4,25971.2,26057.6,25938.45,26046.95,216344338,19484.07,148.4,0.57,119.15
2025-12-15,2025,December,12,Q4,25930.05,26047.15,25904.75,26027.3,181557703,17444.03,-19.65,-0.08,142.4
2025-12-16,2025,December,12,Q4,25951.5,25980.75,25834.35,25860.1,264351195,23554.69,-167.2,-0.64,146.4
2025-12-17,2025,December,12,Q4,25902.4,25929.15,25770.35,25818.55,206521258,19787.57,-41.55,-0.16,158.8
2025-12-18,2025,December,12,Q4,25764.7,25902.35,25726.3,25815.55,197553755,20046.07,-3.0,-0.01,176.05
2025-12-19,2025,December,12,Q4,25911.5,25993.35,25880.45,25966.4,382927284,36600.58,150.85,0.58,112.9
2025-12-22,2025,December,12,Q4,26055.85,26180.7,26047.8,26172.4,252990050,25333.26,206.0,0.79,132.9
2025-12-23,2025,December,12,Q4,26205.2,26233.55,26119.05,26177.15,216553840,19670.5,4.75,0.02,114.5
2025-12-24,2025,December,12,Q4,26170.65,26236.4,26123.0,26142.1,188846828,17474.44,-35.05,-0.13,113.4
2025-12-26,2025,December,12,Q4,26121.25,26144.2,26008.6,26042.3,142243763,12263.06,-99.8,-0.38,135.6
2025-12-29,2025,December,12,Q4,26063.35,26106.8,25920.3,25942.1,234312888,18184.45,-100.2,-0.38,186.5
2025-12-30,2025,December,12,Q4,25940.9,25976.75,25878.0,25938.85,396893959,39492.31,-3.25,-0.01,98.75
2025-12-31,2025,December,12,Q4,25971.05,26187.95,25969.0,26129.6,246314941,20703.99,190.75,0.74,218.95
